,Date,Open,High,Low,Close,Volume,Dividends,Stock Splits
0,2021-01-04,77.18598016011808,77.89611192669729,76.04794670188089,76.77629089355469,3506000,0.0,0.0
1,2021-01-05,76.77629578237858,77.22240298153258,75.90228686431944,76.94927215576172,2559300,0.0,0.0
2,2021-01-06,76.62153288622962,77.19509934500499,74.53665440686268,74.88261413574219,9053900,0.0,0.0
3,2021-01-07,74.57306315394304,75.15573575519961,73.87203062224022,74.47291564941406,5061000,0.0,0.0
4,2021-01-08,74.73694275588237,75.21036864548482,74.49113054297793,74.9736557006836,5569300,0.0,0.0
5,2021-01-11,74.97365188425867,75.62005413299852,74.74604516515284,74.78246307373047,4430800,0.0,0.0
6,2021-01-12,74.54574934861076,75.33782322324195,74.51843765396929,74.89171600341797,4359800,0.0,0.0
7,2021-01-13,74.88258903496249,75.5016794105993,74.88258903496249,75.10108947753906,4069400,0.0,0.0
8,2021-01-14,75.35602126024077,75.36512747289028,74.30903602371444,74.60037231445312,3732500,0.0,0.0
9,2021-01-15,74.60037618233385,75.05558959434026,74.37276947633063,74.54574584960938,6359600,0.0,0.0
10,2021-01-19,75.15571577954103,75.15571577954103,73.50783897228456,73.60798645019531,4004300,0.0,0.0
11,2021-01-20,72.37893929341911,73.2438420789003,71.83268453700961,73.0162353515625,6897200,0.0,0.0
12,2021-01-21,72.99802014198156,73.22562683898873,71.70521577002204,72.17863464355469,5772000,0.0,0.0
13,2021-01-22,72.1237110652689,72.25188161216883,71.31806662978781,71.58356475830078,4816300,0.44,0.0
14,2021-01-25,71.60186645539666,72.41666786428254,71.54693822079281,71.96807098388672,7750400,0.0,0.0
15,2021-01-26,72.20610062998409,72.40750647300175,71.34552108753502,72.09623718261719,5788400,0.0,0.0
16,2021-01-27,71.91314840319812,72.31596712991399,71.26313164701857,71.43708038330078,6289700,0.0,0.0
17,2021-01-28,71.44624136468656,73.0850014358481,71.43708432943667,72.46245574951172,8037900,0.0,0.0
18,2021-01-29,72.24274552238879,73.4237447920724,71.26314517714454,71.40962982177734,7405100,0.0,0.0
19,2021-02-01,71.99552933873947,72.96596532451052,71.70256713634991,71.88566589355469,6514500,0.0,0.0
20,2021-02-02,72.18779754638672,73.0117560650785,71.92229941343209,72.18779754638672,5018800,0.0,0.0
21,2021-02-03,72.32512683336881,72.70048843924484,71.8948369865436,72.21526336669922,3863600,0.0,0.0
22,2021-02-04,72.11456272928555,72.5814737691821,71.82160044606594,72.26104736328125,3869600,0.0,0.0
23,2021-02-05,72.47161039236576,73.30471896854785,72.4258322023989,73.12162017822266,3579200,0.0,0.0
24,2021-02-08,73.24064336570993,73.35965689666126,72.57231942169811,72.96598815917969,3828700,0.0,0.0
25,2021-02-09,72.91105582060413,72.92936989189026,71.73920671007099,72.05047607421875,3682200,0.0,0.0
26,2021-02-10,72.32511298466811,72.7554027491021,71.65678924708065,72.42581939697266,4882700,0.0,0.0
27,2021-02-11,72.55401180031129,72.59978999598685,71.73005317155524,71.78498840332031,3106000,0.0,0.0
28,2021-02-12,71.71173429987131,71.8673689639578,71.20820216927281,71.80328369140625,2732400,0.0,0.0
29,2021-02-16,71.45539421140086,71.6110288776692,70.55819339833043,71.58356475830078,5147600,0.0,0.0
30,2021-02-17,71.31807145782604,72.25188650342378,71.28145030126534,71.81244659423828,3145000,0.0,0.0
31,2021-02-18,71.72088153882191,72.1969495317791,71.4920045765692,72.06877899169922,2565600,0.0,0.0
32,2021-02-19,71.97722671930607,72.09624022039068,70.59480796696354,70.67720031738281,4540200,0.0,0.0
33,2021-02-22,70.69552365508413,70.89693651776867,70.38424732599769,70.74129486083984,2573400,0.0,0.0
34,2021-02-23,71.22652309775721,71.81244764173208,70.49411392540286,70.94271087646484,4131400,0.0,0.0
35,2021-02-24,70.57649599755732,71.08002810321328,70.15536322954073,70.16452026367188,4083400,0.0,0.0
36,2021-02-25,70.12789729535442,70.6497364709847,69.83493507368077,70.21029663085938,4178100,0.0,0.0
37,2021-02-26,70.18282353414311,70.18282353414311,68.80040495338817,68.84617614746094,5421200,0.0,0.0
38,2021-03-01,69.065909471577,69.90817495665232,68.96520305653864,69.21238708496094,3872400,0.0,0.0
39,2021-03-02,69.24901263535722,69.62437420340399,68.90112216978771,69.04759979248047,4977000,0.0,0.0
40,2021-03-03,68.75464245113199,68.91027711905025,67.91237685264029,68.30604553222656,5705600,0.0,0.0
41,2021-03-04,68.589853414359,69.5236754277065,67.9947718544448,68.1504135131836,6337500,0.0,0.0
42,2021-03-05,68.30603849852004,69.7983137194507,68.26941734782127,69.6335220336914,10241200,0.0,0.0
43,2021-03-08,69.35888198252911,70.73214386267945,69.01098450263751,69.9905776977539,4676200,0.0,0.0
44,2021-03-09,70.24693747292939,70.8053909711377,68.52577782645587,68.6081771850586,7085400,0.0,0.0
45,2021-03-10,68.92858920799641,69.88071824253784,67.87575374774968,69.39550018310547,7028500,0.0,0.0
46,2021-03-11,69.18493349123814,69.45043162719396,68.763800684651,68.9102783203125,4842600,0.0,0.0
47,2021-03-12,69.45959595802798,69.80748649094036,69.02014903534275,69.13001251220703,3141700,0.0,0.0
48,2021-03-15,69.61522029869326,69.6884626057174,68.58069890486793,69.28563690185547,4860300,0.0,0.0
49,2021-03-16,69.44127478873473,69.93564990693721,69.12084841159547,69.45043182373047,4268600,0.0,0.0
50,2021-03-17,69.7159265445447,69.963110599149,69.02929563370172,69.39550018310547,3914900,0.0,0.0
51,2021-03-18,69.2673227453028,69.77084783894955,68.36096500415243,69.6426773071289,3366700,0.0,0.0
52,2021-03-19,69.67017059205735,70.03637525833659,68.52578537541787,68.64480590820312,11878800,0.0,0.0
53,2021-03-22,68.64476657867154,69.514496051103,68.51658908185509,69.36801147460938,8160500,0.0,0.0
54,2021-03-23,69.76170029498074,71.70257958834931,69.41380980196843,71.18074035644531,6060800,0.0,0.0
55,2021-03-24,70.40256344918596,71.64765483229843,70.40256344918596,71.19905090332031,4255400,0.0,0.0
56,2021-03-25,71.68427579948647,71.90399575334612,70.92440251912308,71.30891418457031,4769500,0.0,0.0
57,2021-03-26,71.21735100079542,72.56314855413515,70.97015998887545,72.52652740478516,4170300,0.0,0.0
58,2021-03-29,72.42581877790906,73.2131560029585,72.42581877790906,73.1490707397461,3811800,0.0,0.0
59,2021-03-30,72.7554135886081,73.0025976471471,72.33428079475996,72.62724304199219,4841700,0.0,0.0
60,2021-03-31,73.01176028119684,73.07584555941958,71.96808175884296,72.16949462890625,4493200,0.0,0.0
61,2021-04-01,71.8948252760809,72.3800432848214,71.02509567378415,71.91313934326172,4881300,0.0,0.0
62,2021-04-05,72.07793121251703,73.15823068159763,71.96806776345507,72.81033325195312,4026900,0.0,0.0
63,2021-04-06,72.55399692951742,73.36879835518083,72.51737577743732,73.11245727539062,3814800,0.0,0.0
64,2021-04-07,73.4512063836248,73.54275578227106,72.74626134602853,72.89274597167969,5027800,0.0,0.0
65,2021-04-08,72.9659847633956,73.10331236026958,72.49908071270444,72.91105651855469,3773000,0.0,0.0
66,2021-04-09,72.93851628457723,73.39627025696912,72.48076231218536,73.03922271728516,3509000,0.0,0.0
67,2021-04-12,73.0575244857148,73.66175599544626,72.89273280401164,73.3871078491211,3510400,0.0,0.0
68,2021-04-13,72.78286885700038,73.08498810218559,72.43497841345899,72.99343872070312,4442500,0.0,0.0
69,2021-04-14,73.04836981778514,73.06667690089165,72.32511780159673,72.69132232666016,4129600,0.0,0.0
70,2021-04-15,73.03007091931167,73.93642887868064,72.84697211113287,73.66177368164062,4010400,0.0,0.0
71,2021-04-16,74.04626904088657,74.11951134191533,73.51527982035384,73.88147735595703,8134800,0.0,0.0
72,2021-04-19,73.68007501382606,73.7716244020863,72.97513005620385,73.5793685913086,4021200,0.0,0.0
73,2021-04-20,73.58858819479512,75.38387809667705,73.48731471067863,74.87751770019531,4307300,0.45,0.0
74,2021-04-21,75.24577813318623,75.54038996544413,74.39876296935715,74.7117919921875,3755200,0.0,0.0
75,2021-04-22,74.50923839770002,75.15369952827663,74.31590005852703,74.61972045898438,4036400,0.0,0.0
76,2021-04-23,74.03049206014646,74.23303195658882,73.17427545682982,73.45967864990234,3908400,0.0,0.0
77,2021-04-26,73.422863119922,73.55175535845528,72.70474721263646,72.99015045166016,3920000,0.0,0.0
78,2021-04-27,72.69554471710315,72.85205573072625,72.18918431583417,72.32727813720703,4148900,0.0,0.0
79,2021-04-28,72.78759239693157,72.98093072524351,72.34567822481831,72.52059936523438,3353300,0.0,0.0
80,2021-04-29,72.79680758493988,73.8647798084674,72.75077163512931,73.4873046875,4828400,0.0,0.0
81,2021-04-30,73.29394368937463,74.72097340326617,73.29394368937463,74.2974624633789,7252300,0.0,0.0
82,2021-05-03,74.42636705337209,74.80384212056325,73.82794193568658,74.63812255859375,3709100,0.0,0.0
83,2021-05-04,74.75781338262888,75.49434640105947,74.43558282110278,74.65653991699219,4129500,0.0,0.0
84,2021-05-05,74.52763842493022,75.08004163211199,74.14096179918182,74.8682861328125,3093300,0.0,0.0
85,2021-05-06,75.15370363868539,75.86261794519208,74.91433636229343,75.77975463867188,3850100,0.0,0.0
86,2021-05-07,75.69690731618947,75.99151917316689,75.36546809907726,75.66007995605469,2263700,0.0,0.0
87,2021-05-10,76.09276728016778,77.27121431505911,75.89942897201514,76.72801971435547,4206000,0.0,0.0
88,2021-05-11,76.93979103048484,76.99502855157374,75.66927887674126,75.89944458007812,5119300,0.0,0.0
89,2021-05-12,75.96388641262136,76.26769978557883,75.42990032520609,75.5403823852539,4075100,0.0,0.0
90,2021-05-13,75.27337172067972,77.1146968125078,74.98796155505987,76.65436553955078,4300200,0.0,0.0
91,2021-05-14,76.86614164811685,77.34489027774106,76.74645800276096,76.93058776855469,4146500,0.0,0.0
92,2021-05-17,77.14232854140086,77.58424270428071,76.7648534625128,76.92137145996094,3522100,0.0,0.0
93,2021-05-18,76.56231707471656,77.22518834939218,76.19405057271946,76.51628112792969,3024200,0.0,0.0
94,2021-05-19,76.23088455622396,76.65438861192409,75.89944537800646,76.60835266113281,4078400,0.0,0.0
95,2021-05-20,76.65438852130272,77.96172804267066,76.57152521479637,77.41853332519531,3966900,0.0,0.0
96,2021-05-21,77.60267710178061,77.94332490529116,77.35409418394572,77.54743957519531,3497900,0.0,0.0
97,2021-05-24,77.7407686999269,78.17348133766895,77.42773969692428,77.70394134521484,3196200,0.0,0.0
98,2021-05-25,77.76839305504265,77.96173141311606,77.24361550481481,77.87886810302734,3472800,0.0,0.0
99,2021-05-26,78.14585519987907,78.14585519987907,77.51980422080695,77.73155975341797,2601700,0.0,0.0
100,2021-05-27,77.67631335871431,77.95250795009844,77.05026245117188,77.05026245117188,4686300,0.0,0.0
101,2021-05-28,77.29884488379106,77.8788598968948,77.07788778700385,77.13312530517578,3971700,0.0,0.0
102,2021-06-01,78.2103029081785,78.26554745317225,75.60483249391723,75.93627166748047,5587000,0.0,0.0
103,2021-06-02,76.20324619756978,76.67278612658599,75.96387896043103,76.30451965332031,3749600,0.0,0.0
104,2021-06-03,76.35055425772805,77.29883566849264,76.16642453637326,77.28962707519531,3967000,0.0,0.0
105,2021-06-04,77.7039449940026,77.8144200392267,77.05947679242851,77.30805969238281,3660200,0.0,0.0
106,2021-06-07,77.41852771448613,77.41852771448613,76.75565643097461,77.24360656738281,3211600,0.0,0.0
107,2021-06-08,77.39090944055184,77.54742744823459,76.29532553136922,76.3505630493164,3233100,0.0,0.0
108,2021-06-09,76.8293075396489,77.22519282301185,75.98229945285827,76.00991821289062,6530200,0.0,0.0
109,2021-06-10,76.00071551921661,77.03185334038555,76.00071551921661,76.9674072265625,4075900,0.0,0.0
110,2021-06-11,77.059479384075,77.23440757702969,76.51629166252135,76.99503326416016,2560000,0.0,0.0
111,2021-06-14,77.02265379987867,77.02265379987867,76.28612074468953,76.79248809814453,2345200,0.0,0.0
112,2021-06-15,77.05027319796879,77.21599278555301,76.55311443521616,76.66358947753906,3220700,0.0,0.0
113,2021-06-16,77.24359964898831,77.24359964898831,75.41148289695295,75.44830322265625,3615200,0.0,0.0
114,2021-06-17,75.31940728454268,76.09276754393234,75.00638536285766,75.89022064208984,3253100,0.0,0.0
115,2021-06-18,75.42070003209162,75.69690170056182,74.57369188413,74.59210205078125,7471300,0.0,0.0
116,2021-06-21,74.8222494084355,75.11686117127238,74.69335720120051,74.97876739501953,4226700,0.0,0.0
117,2021-06-22,74.99718633480747,75.20894185667646,74.60130107365185,74.8406753540039,3159900,0.0,0.0
118,2021-06-23,74.831475584672,74.88671310815229,73.87398537444646,73.88319396972656,3673800,0.0,0.0
119,2021-06-24,73.90160890220578,74.44480367316038,73.84637137516316,74.1686019897461,3449800,0.0,0.0
120,2021-06-25,74.21463794137242,75.04323596747402,73.95685344971872,74.99720001220703,9475300,0.0,0.0
121,2021-06-28,75.12608257229412,75.77055074243997,75.05242786300322,75.23656463623047,2735300,0.0,0.0
122,2021-06-29,75.36545310474645,75.56800003313961,74.63812869101619,74.80384826660156,3056700,0.0,0.0
123,2021-06-30,75.09844379613584,75.19050864616132,74.40794688479804,74.8958969116211,4687700,0.0,0.0
124,2021-07-01,75.0340172627423,75.38386659369638,74.80385156561732,75.25497436523438,3596100,0.0,0.0
125,2021-07-02,75.42070186581593,75.60483865730643,75.11688142793189,75.21815490722656,2752200,0.0,0.0
126,2021-07-06,75.19052657043272,75.58641184160331,74.9879796376339,75.46672821044922,3221000,0.0,0.0
127,2021-07-07,75.5863986508548,76.49785266529021,75.41147753186308,76.10197448730469,3220200,0.0,0.0
128,2021-07-08,76.02832952886844,76.41500618764864,75.54037940839353,75.80736541748047,3514800,0.0,0.0
129,2021-07-09,76.11117770587329,76.24927850477485,75.7429112501686,75.89022064208984,2801600,0.0,0.0
130,2021-07-12,75.96388637548725,76.52549122161507,75.93626761651365,76.3505630493164,4482600,0.0,0.0
131,2021-07-13,76.21246461634027,76.70962336572784,75.81657933575941,76.08357238769531,2733700,0.0,0.0
132,2021-07-14,76.0743439820388,76.76484089457705,75.75211349434052,76.62674713134766,2959200,0.0,0.0
133,2021-07-15,76.71883861771094,77.12392550398984,76.09278758535235,76.99503326416016,4200800,0.0,0.0
134,2021-07-16,77.02265275952568,77.79600613533871,77.02265275952568,77.69473266601562,6527500,0.0,0.0
135,2021-07-19,77.6855278037319,78.21951393598185,76.58073520689064,77.30805969238281,4960200,0.0,0.0
136,2021-07-20,77.58574673570133,78.4743442793136,76.52127850070539,76.539794921875,4884100,0.45,0.0
137,2021-07-21,76.62309872519704,76.80822762980851,75.95664879248703,76.0677261352539,3579600,0.0,0.0
138,2021-07-22,75.56789176064125,76.34541906775637,75.24392499182073,75.75301361083984,3659900,0.0,0.0
139,2021-07-23,75.64192941360149,77.25251181234145,75.46605874489643,77.08589935302734,3107500,0.0,0.0
140,2021-07-26,76.96557416500642,78.03004230818927,76.78044527900575,77.83565521240234,5947500,0.0,0.0
141,2021-07-27,77.54870045887526,78.27994353900296,77.2339920016258,77.7060546875,4136700,0.0,0.0
142,2021-07-28,77.76160079868635,77.99300658020445,76.95630613670352,76.99333190917969,3110700,0.0,0.0
143,2021-07-29,77.27104097260408,77.5950077352613,76.8545062246627,77.30805969238281,3974400,0.0,0.0
144,2021-07-30,74.53118403804922,75.03102146097277,73.32787800088829,73.58705139160156,9513700,0.0,0.0
145,2021-08-02,73.57777760509556,73.8832349203194,72.80025759755533,73.62406158447266,5339300,0.0,0.0
146,2021-08-03,73.4389413080102,73.93877868350987,73.20753550797949,73.51299285888672,3635700,0.0,0.0
147,2021-08-04,73.3648892475557,73.5592692520874,72.03198971711664,72.43000793457031,4194400,0.0,0.0
148,2021-08-05,72.91134170162783,73.47597245997456,72.56886561216659,73.03167724609375,4135100,0.0,0.0
149,2021-08-06,73.09646911696869,73.35564249682545,72.47630323489071,72.78175354003906,2877400,0.0,0.0
150,2021-08-09,72.9113315255617,73.05943461748163,72.2263723802923,72.51331329345703,2563700,0.0,0.0
151,2021-08-10,72.70770090581979,72.91133206580236,72.18934714220339,72.87431335449219,2740600,0.0,0.0
152,2021-08-11,72.73547589743347,73.43894447526571,72.73547589743347,73.216796875,4239100,0.0,0.0
153,2021-08-12,73.67960019746279,73.71662597032817,72.9205895085828,72.92984771728516,3595500,0.0,0.0
154,2021-08-13,72.88357648325406,73.66110372553044,72.8280413452148,73.5315170288086,3521600,0.0,0.0
155,2021-08-16,73.57779033328136,74.18870506941089,73.57779033328136,73.84622192382812,6098900,0.0,0.0
156,2021-08-17,73.62409083024718,74.71632679514548,73.60557440636354,74.07764434814453,3356600,0.0,0.0
157,2021-08-18,73.90175814133036,73.94804212939188,72.30969205641246,72.34671783447266,3654100,0.0,0.0
158,2021-08-19,72.3744886441987,73.38341465923496,72.3744886441987,73.09647369384766,3527800,0.0,0.0
159,2021-08-20,73.2353319200966,73.52227293766391,72.7169779717195,72.93913269042969,3026100,0.0,0.0
160,2021-08-23,72.87432015523477,73.10572596321133,72.50406945008329,72.55034637451172,3163400,0.0,0.0
161,2021-08-24,72.19860767230085,72.46703924056709,71.88389918243695,71.89315032958984,2923000,0.0,0.0
162,2021-08-25,71.7357965289154,72.04125387351809,71.26372672925164,71.87464141845703,3636600,0.0,0.0
163,2021-08-26,71.89315381827149,72.0042311469959,71.3192719413905,71.55992889404297,2317300,0.0,0.0
164,2021-08-27,71.55992417425568,72.02273575383192,71.4673632707293,71.68025970458984,2294200,0.0,0.0
165,2021-08-30,71.85612500014778,72.14307298838565,71.68951254508671,71.87464141845703,1960800,0.0,0.0
166,2021-08-31,71.87465335734159,72.45779351594678,71.7543178041762,72.15233612060547,3786900,0.0,0.0
167,2021-09-01,72.05050601771018,72.63365314946529,72.04125487037197,72.50406646728516,2658000,0.0,0.0
168,2021-09-02,72.50406803212465,72.71695741661051,72.28191337621155,72.679931640625,2549700,0.0,0.0
169,2021-09-03,72.56887176067181,72.61514869081836,71.98572453287073,72.11531829833984,3030200,0.0,0.0
170,2021-09-07,72.1060430494366,72.15231996864826,71.11562658542346,71.180419921875,3246400,0.0,0.0
171,2021-09-08,70.91200228152039,72.06903141800004,70.90274407108383,71.99497985839844,3863900,0.0,0.0
172,2021-09-09,72.26340888321783,72.40225378702296,71.48588872102138,71.5506820678711,3956900,0.0,0.0
173,2021-09-10,71.7080387514218,71.7080387514218,71.07861461993627,71.31002044677734,3360100,0.0,0.0
174,2021-09-13,71.5876995639504,72.36522677483643,71.42109415655878,71.62472534179688,3371400,0.0,0.0
175,2021-09-14,71.62472656288135,71.81910660343047,71.35629496537682,71.5506820678711,2950600,0.0,0.0
176,2021-09-15,71.71729896363807,72.05051686660033,71.3470482179687,71.46737670898438,3662100,0.0,0.0
177,2021-09-16,71.39332502400758,71.5044023661,70.21778650013164,70.78241729736328,4170600,0.0,0.0
178,2021-09-17,70.58801689064303,71.22669200315788,70.50470714261024,70.56024932861328,7334200,0.0,0.0
179,2021-09-20,71.29149324571954,71.48588032538407,70.06041980015821,70.50471496582031,4942500,0.0,0.0
180,2021-09-21,70.6065320248471,71.3748009263006,70.5880226692932,70.7083511352539,4247500,0.0,0.0
181,2021-09-22,71.05084157908279,71.31001495527487,70.57877175133585,70.7453842163086,2811500,0.0,0.0
182,2021-09-23,71.0230714911912,71.18968395025061,70.63430437875617,70.967529296875,2393100,0.0,0.0
183,2021-09-24,70.90273627890224,71.22670298912365,70.81017537054535,70.93050384521484,2214000,0.0,0.0
184,2021-09-27,70.81017417522794,70.95827727565461,70.2733110290981,70.35662078857422,2899700,0.0,0.0
185,2021-09-28,69.99564139642621,70.49547886090848,69.80126133722963,70.1807632446289,4949500,0.0,0.0
186,2021-09-29,70.18075105449736,71.60621163628764,70.0604225802608,71.34703826904297,4094300,0.0,0.0
187,2021-09-30,71.38406347570263,71.54141772428353,69.95860290527344,69.95860290527344,4178800,0.0,0.0
188,2021-10-01,70.20851806114048,70.36587230972138,69.48653309758618,69.95860290527344,3473400,0.0,0.0
189,2021-10-04,69.89379134201236,70.28255128842754,69.06072926973503,69.47725677490234,3943600,0.0,0.0
190,2021-10-05,69.4217278641447,69.49577940206619,68.83858789238549,68.8848648071289,4915400,0.0,0.0
191,2021-10-06,68.56091429095625,69.59761487999934,68.50537915541742,69.5143051147461,4052700,0.0,0.0
192,2021-10-07,69.91232984957017,70.72688290968863,69.90307163881091,69.96786499023438,3642200,0.0,0.0
193,2021-10-08,69.92158806032943,70.24555481744669,69.70869158454056,69.96786499023438,3327900,0.0,0.0
194,2021-10-11,70.25480761873011,70.49547164632045,69.94935024470529,70.16224670410156,3742400,0.0,0.0
195,2021-10-12,70.02339127939919,70.53247976433263,69.79198549662652,70.04190063476562,2788900,0.0,0.0
196,2021-10-13,70.11594082109215,70.55098475213718,69.49577511859698,70.41213989257812,3684000,0.0,0.0
197,2021-10-14,70.54175556173114,71.09712816647226,70.34737550316903,70.90274810791016,3739000,0.0,0.0
198,2021-10-15,70.95826708362056,71.26371732597453,70.34735247502562,70.5787582397461,4076000,0.0,0.0
199,2021-10-18,70.28257234620473,70.35662389969256,69.57909671195996,69.68091583251953,4331000,0.0,0.0
200,2021-10-19,69.14404232964887,69.32917118570248,68.76454053314055,69.21809387207031,5206800,0.0,0.0
201,2021-10-20,69.44159337039069,70.428691663789,69.39502918101621,69.93514251708984,5317600,0.45,0.0
202,2021-10-21,70.24245696758447,70.4007638616372,69.68372215612278,69.73959350585938,4370500,0.0,0.0
203,2021-10-22,69.66508359811115,70.48456783455778,69.45090538518356,70.30763244628906,7665400,0.0,0.0
204,2021-10-25,69.86064705187414,70.1679536698079,69.0970411890891,69.97239685058594,6205900,0.0,0.0
205,2021-10-26,70.2517491763655,70.95016924764263,70.05619240897147,70.92223358154297,5400200,0.0,0.0
206,2021-10-27,71.06192937657177,71.34130031562074,70.41007332505495,70.68013000488281,4583100,0.0,0.0
207,2021-10-28,70.6801367315513,71.62067807085006,70.49388705289378,71.59273529052734,4849900,0.0,0.0
208,2021-10-29,71.73241495593295,72.1235285923467,70.46594566256617,70.95018768310547,6683300,0.0,0.0
209,2021-11-01,70.76392686775827,71.33197581885301,70.46593455773292,70.72667694091797,4008000,0.0,0.0
210,2021-11-02,70.57771126686303,71.34131729669701,70.37284014342224,71.02469635009766,4132200,0.0,0.0
211,2021-11-03,71.07125442494173,71.97454587966865,70.7360120890699,71.95591735839844,3916000,0.0,0.0
212,2021-11-04,71.6020484634886,72.19803321674613,71.58342704825498,71.97454071044922,3407000,0.0,0.0
213,2021-11-05,72.21664480253136,72.58912985744894,71.77896704783649,72.4866943359375,3560300,0.0,0.0
214,2021-11-08,72.49602074375734,72.58914202309349,71.71379347169591,72.39358520507812,3335900,0.0,0.0
215,2021-11-09,72.51465271208774,72.80333082317215,72.16078188719868,72.6822738647461,3854900,0.0,0.0
216,2021-11-10,72.57983159594448,73.12925209254401,72.25389647591655,73.08269500732422,3263500,0.0,0.0
217,2021-11-11,72.99888842290348,73.03613835774377,72.4867106997228,72.62639617919922,2788500,0.0,0.0
218,2021-11-12,72.5612073432191,73.06407078415695,72.31909343456991,72.66364288330078,3057200,0.0,0.0
219,2021-11-15,72.86852826646717,72.96164956535658,72.52397164540668,72.91509246826172,3263900,0.0,0.0
220,2021-11-16,73.10131959728785,73.36206202088316,72.48670636621476,72.52395629882812,3140500,0.0,0.0
221,2021-11-17,72.42151140607076,72.43082566419558,71.86277669843516,72.24458312988281,3144600,0.0,0.0
222,2021-11-18,72.16078483507242,72.21666329137362,70.93156536692857,71.13643646240234,3416600,0.0,0.0
223,2021-11-19,71.21093242594752,72.31909486989882,71.21093242594752,71.8907241821289,3978200,0.0,0.0
224,2021-11-22,72.08628903409898,72.92438769165858,71.98385349067307,72.22596740722656,3601000,0.0,0.0
225,2021-11-23,72.34702600882083,72.80332523755541,71.92796960697652,72.57051849365234,2941800,0.0,0.0
226,2021-11-24,72.70089429369295,72.78470842123477,72.04903821147195,72.41221618652344,2350400,0.0,0.0
227,2021-11-26,72.43083769074909,73.19444357573768,71.66723180576048,71.7603530883789,2439900,0.0,0.0
228,2021-11-29,71.77898350149617,72.71021056164626,71.64861228145105,72.36565399169922,3923000,0.0,0.0
229,2021-11-30,71.83483729274546,72.07695825851758,69.85132669715416,69.86063385009766,8702400,0.0,0.0
230,2021-12-01,70.30765865123152,71.26682159939033,70.14003745900085,70.2052230834961,3716700,0.0,0.0
231,2021-12-02,70.51251686681803,71.02468750695083,70.186588804061,70.28902435302734,4665300,0.0,0.0
232,2021-12-03,70.79188269795623,71.49961730008779,70.25177636669443,71.49030303955078,5206200,0.0,0.0
233,2021-12-06,71.97454321803342,73.64144057511521,71.85348625305055,73.17582702636719,6525000,0.0,0.0
234,2021-12-07,72.86851290633562,73.39931201328649,72.32839954004928,72.45877075195312,3952500,0.0,0.0
235,2021-12-08,72.06765962609323,72.60777301118974,71.49029630705573,72.41221618652344,4311200,0.0,0.0
236,2021-12-09,72.32840503080605,72.91508263360876,71.99316271626128,72.63571166992188,2928500,0.0,0.0
237,2021-12-10,73.10131686016483,74.12566510223392,72.81263877409299,74.00460815429688,4294500,0.0,0.0
238,2021-12-13,73.82767073947954,75.6621889498459,73.82767073947954,75.55975341796875,5950900,0.0,0.0
239,2021-12-14,75.6156478494428,76.67724631786616,75.49459086785062,76.481689453125,7682500,0.0,0.0
240,2021-12-15,76.29544670377942,77.49673067463064,76.1930111408208,77.06836700439453,6124500,0.0,0.0
241,2021-12-16,77.02177900208972,78.27893394439262,76.81690793947635,78.17649841308594,5237600,0.0,0.0
242,2021-12-17,77.83195788347084,78.47449971132177,76.58410995261963,76.80760955810547,10299800,0.0,0.0
243,2021-12-20,76.44442832972825,77.15216290672073,76.19300014175269,76.84485626220703,5162300,0.0,0.0
244,2021-12-21,76.649298584327,77.04972651240837,76.14643510919932,76.44442749023438,4630800,0.0,0.0
245,2021-12-22,76.52824375347335,76.87280033992667,76.2581870405287,76.78898620605469,3373000,0.0,0.0
246,2021-12-23,76.79827540809084,77.30113873314775,76.55615445053826,77.09626770019531,3936400,0.0,0.0
247,2021-12-27,77.29183937592992,78.26963054726367,77.18940383970646,78.1392593383789,3189600,0.0,0.0
248,2021-12-28,78.1299509771458,78.84699268014015,78.06476536778267,78.65143585205078,2201000,0.0,0.0
249,2021-12-29,78.77250371686172,79.23811730668983,78.4558898860344,79.07050323486328,2628900,0.0,0.0
250,2021-12-30,79.24741923209105,79.32191909999473,78.67937017254773,78.77249145507812,2772000,0.0,0.0
251,2021-12-31,78.77249642793055,79.52679520485142,78.77249642793055,79.47091674804688,2940200,0.0,0.0
252,2022-01-03,78.73524862582472,78.9680553844999,77.74814313784702,78.77249145507812,5327000,0.0,0.0
253,2022-01-04,78.62349910175318,79.42435492280117,78.39069234225548,79.03324127197266,4405100,0.0,0.0
254,2022-01-05,78.8842260620276,79.72233165275962,78.8842260620276,79.3591537475586,4445900,0.0,0.0
255,2022-01-06,79.13567700001525,79.72234747763314,78.37207111126088,78.83768463134766,4154800,0.0,0.0
256,2022-01-07,78.94943393930717,79.08911942796824,78.32551347527996,78.63282012939453,2818200,0.0,0.0
257,2022-01-10,78.49311623669884,78.6979872914064,77.56188933689891,77.9530029296875,4138000,0.0,0.0
258,2022-01-11,77.68296394342399,77.81333517067019,76.76105109226901,77.45015716552734,3562400,0.0,0.0
259,2022-01-12,77.31046236273097,77.58983330442523,76.8727916409673,77.17078399658203,5112700,0.0,0.0
260,2022-01-13,77.1149154396782,77.14285111649228,76.33268807008746,76.86348724365234,6698400,0.0,0.0
261,2022-01-14,76.9286568870415,77.86919807114987,76.39785782367295,77.71088409423828,4431900,0.0,0.0
262,2022-01-18,77.08697407919028,77.45015206039422,76.3419967018457,77.40359497070312,6746200,0.0,0.0
263,2022-01-19,77.87850281428867,79.19153614890658,77.75744587540724,78.2789306640625,5614600,0.0,0.0
264,2022-01-20,78.12995399851452,78.82837431357031,77.51534071100997,77.56190490722656,6377000,0.0,0.0
265,2022-01-21,78.28282967356918,79.30337741954469,77.80532207791987,78.33900451660156,5690900,0.45,0.0
266,2022-01-24,78.81651211225088,79.35019455093257,77.0001159924294,78.33900451660156,7339800,0.0,0.0
267,2022-01-25,77.88958528912218,78.0112998204396,76.29789581135115,76.53196716308594,7643300,0.0,0.0
268,2022-01-26,74.8373085445818,76.51326063139456,74.51896772500277,76.20428466796875,7455000,0.0,0.0
269,2022-01-27,76.73795974191638,78.28283226609122,76.40089638597672,77.4308090209961,6242100,0.0,0.0
270,2022-01-28,76.7379745431758,77.87087937454152,75.3990857164176,77.75852966308594,5987300,0.0,0.0
271,2022-01-31,77.0001200924034,77.61807197182868,76.35408793325809,77.19673919677734,6372200,0.0,0.0
272,2022-02-01,77.47761910731239,77.66487333545176,76.32598488871159,76.70050048828125,5174700,0.0,0.0
273,2022-02-02,76.83157302373189,77.7397709501131,76.60686654134891,77.52442932128906,6814700,0.0,0.0
274,2022-02-03,77.5057257074226,77.96450368020075,77.13121001517213,77.45891571044922,4292100,0.0,0.0
275,2022-02-04,76.97204794177246,77.1405796565738,75.66124650923894,75.95149993896484,5173100,0.0,0.0
276,2022-02-07,76.27919851127494,76.52263479783093,75.24928565117473,75.95149993896484,3502800,0.0,0.0
277,2022-02-08,76.12001425426706,76.33535591972246,75.68931663677328,75.76422119140625,4014100,0.0,0.0
278,2022-02-09,75.93275653180369,76.17619277446202,75.19309009151662,75.71741485595703,3757200,0.0,0.0
279,2022-02-10,75.25864617576582,75.56762218832276,74.36917756866437,74.64070129394531,3728300,0.0,0.0
280,2022-02-11,74.95902934030383,75.11820333498765,74.33171964837979,74.46279907226562,5658400,0.0,0.0
281,2022-02-14,74.49086516357573,74.84665819217958,73.03962705957265,74.2099838256836,5624200,0.0,0.0
282,2022-02-15,74.5845240342622,74.84668289346352,73.21754059420986,73.57333374023438,4422000,0.0,0.0
283,2022-02-16,73.62949080091231,73.98527671764762,72.44976907636048,73.34860229492188,3825700,0.0,0.0
284,2022-02-17,73.17072424702523,74.29426415851232,72.91792312380049,74.10700988769531,3840700,0.0,0.0
285,2022-02-18,74.25680792147998,74.57514873686812,73.91038682458635,74.48152160644531,3351800,0.0,0.0
286,2022-02-22,74.30362612754563,74.71559407928468,73.54523707392805,73.82611846923828,4752300,0.0,0.0
287,2022-02-23,74.17254872235002,74.45343012526405,73.53587420846877,73.62950134277344,3703600,0.0,0.0
288,2022-02-24,73.16135411340672,73.42351293095815,70.65210849166976,70.76446533203125,7890900,0.0,0.0
289,2022-02-25,71.18579093546916,73.35797317797473,71.12961608697165,73.1613540649414,5249900,0.0,0.0
290,2022-02-28,72.21571188381262,72.40297330567681,71.28879106128656,72.04718017578125,4801100,0.0,0.0
291,2022-03-01,72.09399325655444,72.26252495509367,70.90491365368332,71.19515991210938,3966500,0.0,0.0
292,2022-03-02,71.12961823384548,72.12207868481404,70.94235682771502,71.81310272216797,3952800,0.0,0.0
293,2022-03-03,71.92545093232481,72.95536354089462,71.92545093232481,72.46849822998047,3884400,0.0,0.0
294,2022-03-04,71.81310124900551,72.57149742751483,71.52285500457268,72.4310531616211,3670900,0.0,0.0
295,2022-03-07,72.0097290193196,72.31869783882313,71.02662628071201,71.79438018798828,4298600,0.0,0.0
296,2022-03-08,71.87864556150826,72.1501692547633,70.01543913487404,70.0997085571289,5263700,0.0,0.0
297,2022-03-09,71.32623482608288,71.75692532998737,70.63338550617497,70.72701263427734,7013200,0.0,0.0
298,2022-03-10,70.36184598676277,70.57718761856759,68.66716463364774,69.13530731201172,6384200,0.0,0.0
299,2022-03-11,69.48176169953017,70.38995998138743,69.00425398718697,69.06979370117188,4278900,0.0,0.0
300,2022-03-14,69.57537152302096,70.474204723914,69.08850621793813,69.24767303466797,4080800,0.0,0.0
301,2022-03-15,70.03415889658035,70.91426241717564,69.77199295382249,70.68019104003906,4319400,0.0,0.0
302,2022-03-16,70.71764812848387,71.06407636179841,69.69710028352067,70.36186218261719,4519900,0.0,0.0
303,2022-03-17,70.37121132151172,70.62400522650861,69.85625151447492,70.3431167602539,4187800,0.0,0.0
304,2022-03-18,70.58656862598559,70.59593348181733,67.59981536865234,67.59981536865234,14746300,0.0,0.0
305,2022-03-21,68.91061534434137,69.47238524807157,68.21776603451717,69.42557525634766,10092700,0.0,0.0
306,2022-03-22,69.64093140762802,69.93118484712662,68.78891509093481,69.75328826904297,4958700,0.0,0.0
307,2022-03-23,69.94053074025624,70.13715700032242,68.85444316998657,68.93870544433594,3875900,0.0,0.0
308,2022-03-24,68.96680046399656,69.294498994099,68.50801537856096,68.95743560791016,3539500,0.0,0.0
309,2022-03-25,69.20085530405159,70.27757776769768,69.07913363393159,70.01541900634766,4401000,0.0,0.0
310,2022-03-28,70.071618376695,70.61466579722075,70.071618376695,70.58657836914062,3646200,0.0,0.0
311,2022-03-29,71.2887882210557,71.89737531710504,70.92363739208461,71.34496307373047,4651500,0.0,0.0
312,2022-03-30,70.73636966593358,71.5134811721898,70.58656056290657,71.49475860595703,4191400,0.0,0.0
313,2022-03-31,71.34496390556805,71.51349560884988,70.57720995579365,70.99854278564453,7711400,0.0,0.0
314,2022-04-01,71.03599626480546,71.56967881029999,70.32441715638181,71.55094909667969,6464700,0.0,0.0
315,2022-04-04,70.98917672778505,71.74756580807427,70.10906594295089,71.71011352539062,4791900,0.0,0.0
316,2022-04-05,71.41985982772935,72.8523755605906,71.41985982772935,72.51531219482422,4398500,0.0,0.0
317,2022-04-06,72.26252281669652,73.85420547768281,71.83183229835072,73.78866577148438,9991400,0.0,0.0
318,2022-04-07,73.84483575708002,75.48333528889968,73.60139954080246,75.29607391357422,8557200,0.0,0.0
319,2022-04-08,75.3054488028626,75.4271633555747,74.73431403277372,75.13691711425781,6428000,0.0,0.0
320,2022-04-11,75.24927962672258,75.67997016489096,74.8653990846834,75.3148193359375,9495700,0.0,0.0
321,2022-04-12,75.08073760689823,76.04511054279283,74.9871033409231,75.83912658691406,6488300,0.0,0.0
322,2022-04-13,75.83913780585993,76.17620121201605,75.67997095942304,75.82977294921875,4481200,0.0,0.0
323,2022-04-14,76.1761972232018,76.2791892109839,75.71741927790387,75.782958984375,7663700,0.0,0.0
324,2022-04-18,75.70805755324602,76.00766867283426,74.64069249325713,74.91221618652344,5230900,0.0,0.0
325,2022-04-19,74.76240469931358,75.72677773687286,74.71559470468286,75.47398376464844,4644600,0.0,0.0
326,2022-04-20,75.56816528272121,77.03734191565118,75.54933290898526,76.7830581665039,8789900,0.47,0.0
327,2022-04-21,76.84896645269009,77.71539917013968,76.74537045547493,77.31985473632812,4661100,0.0,0.0
328,2022-04-22,78.16745928645499,78.5347515926247,76.29332582866779,76.37808227539062,6136800,0.0,0.0
329,2022-04-25,76.73596446708645,77.37637287535557,75.39863616572242,77.04674530029297,5778300,0.0,0.0
330,2022-04-26,77.15976435320405,77.57414839527998,75.75651909960953,75.83185577392578,4716400,0.0,0.0
331,2022-04-27,75.60581916012252,76.94314011679238,75.53047531279852,75.99195098876953,4415500,0.0,0.0
332,2022-04-28,76.16147612407177,76.78304494292182,75.5869918240459,76.49109649658203,5400200,0.0,0.0
333,2022-04-29,73.21371720346798,73.41148944434855,71.74454787967755,72.56389617919922,14943400,0.0,0.0
334,2022-05-02,72.58273772955683,72.86527364379099,69.88925550522173,70.80278015136719,7133000,0.0,0.0
335,2022-05-03,70.51081089077462,71.06645559066953,69.62553865955532,70.1529312133789,6073200,0.0,0.0
336,2022-05-04,70.1341136003657,73.03478762705647,69.97401328215393,72.51680755615234,8806000,0.0,0.0
337,2022-05-05,72.03649450964929,72.3943742379651,71.16064193089665,71.65978240966797,5056300,0.0,0.0
338,2022-05-06,71.64096202810792,72.57331906308562,71.35842610953921,72.36612701416016,5379600,0.0,0.0
339,2022-05-09,71.90464413941686,73.87296102901767,71.63152805496577,73.14778900146484,5666800,0.0,0.0
340,2022-05-10,73.13838062976468,73.4491614743246,71.9329004403131,72.20601654052734,6030700,0.0,0.0
341,2022-05-11,72.33785347506429,73.515074145783,72.04590504798517,72.2813491821289,5555500,0.0,0.0
342,2022-05-12,72.91234684609915,73.34556324482301,72.2531060622119,73.03478240966797,5244700,0.0,0.0
343,2022-05-13,73.31730898248716,73.872960928771,72.4979679154312,73.83528900146484,5068600,0.0,0.0
344,2022-05-16,73.5904280482922,74.6263809430367,73.0912875653362,74.14608001708984,3981100,0.0,0.0
345,2022-05-17,73.93888957305211,74.29676212679095,72.9406014007307,74.18374633789062,4017100,0.0,0.0
346,2022-05-18,73.72227614052137,73.90121600601904,71.11355794158257,71.30191040039062,4590300,0.0,0.0
347,2022-05-19,70.32246539435909,70.97229362521064,69.61613286001996,70.74626922607422,5477100,0.0,0.0
348,2022-05-20,70.99111277439334,71.22655690864998,69.56903537681632,70.75566864013672,6937200,0.0,0.0
349,2022-05-23,71.17948545011387,72.30961462778333,70.98171320328102,72.06475067138672,3754700,0.0,0.0
350,2022-05-24,72.1777616394674,73.74111432212096,71.91406532798021,73.57159423828125,3539700,0.0,0.0
351,2022-05-25,72.80875139790548,73.39265551467507,72.39437455279112,72.978271484375,3733900,0.0,0.0
352,2022-05-26,73.8258727994975,74.12724104735962,73.06303599385592,73.60926818847656,4139100,0.0,0.0
353,2022-05-27,73.82588030969175,74.46628879969477,73.59043611756104,74.26851654052734,2742300,0.0,0.0
354,2022-05-31,73.9482889770572,74.69229328794778,73.29846806604448,74.22140502929688,5916500,0.0,0.0
355,2022-06-01,74.40977080801726,74.4568553266721,73.38323058282309,73.64692687988281,3963400,0.0,0.0
356,2022-06-02,73.9388950373803,74.68289953595686,72.7616740937819,74.6546401977539,3588900,0.0,0.0
357,2022-06-03,74.4191909625795,74.9277512379503,74.1743341962493,74.33443450927734,3150100,0.0,0.0
358,2022-06-06,74.58870546689374,75.04076140619937,74.01422115359418,74.19316101074219,2715500,0.0,0.0
359,2022-06-07,73.44916266976003,74.17433475096952,73.08187033233195,74.12724304199219,6609400,0.0,0.0
360,2022-06-08,74.00481168962682,74.02364406135081,73.25138748732468,73.33615112304688,3131300,0.0,0.0
361,2022-06-09,73.54333509083186,74.31559884099283,72.25310567988187,72.37553405761719,6327300,0.0,0.0
362,2022-06-10,71.74454596904351,72.75224670394314,70.77451716262065,72.16834259033203,4294600,0.0,0.0
363,2022-06-13,71.03820744584006,72.35669608984784,71.03820744584006,71.75395965576172,4490600,0.0,0.0
364,2022-06-14,71.44317595834166,71.61269603969892,69.37127023969559,69.94574737548828,3960400,0.0,0.0
365,2022-06-15,70.04934027106407,71.075880491831,68.80619545801162,69.84215545654297,6023400,0.0,0.0
366,2022-06-16,69.15465847566149,70.42605549367197,68.4577457788207,69.61612701416016,5342900,0.0,0.0
367,2022-06-17,69.3712762995903,70.09644120890722,68.75911999759306,69.7291488647461,11016400,0.0,0.0
368,2022-06-21,70.53907051319283,72.12125552754206,70.06818220160301,72.00823974609375,4456700,0.0,0.0
369,2022-06-22,72.07416864772273,73.59984946608587,71.91406833550786,73.37382507324219,4653700,0.0,0.0
370,2022-06-23,73.5998453381494,74.5698741209336,73.57159318877672,74.28733825683594,3932400,0.0,0.0
371,2022-06-24,74.75822792717263,75.83185273388683,74.56045569279745,75.70000457763672,5193400,0.0,0.0
372,2022-06-27,74.92775009803526,75.66233475622214,74.739397636772,75.22911834716797,4564600,0.0,0.0
373,2022-06-28,75.34213067292364,75.6905906139527,74.18374225234582,74.28733825683594,3193800,0.0,0.0
374,2022-06-29,74.60754494802441,75.33270978357345,74.38152057119146,75.03134155273438,2156900,0.0,0.0
375,2022-06-30,74.78649080098288,75.87894803091748,74.40977868593488,75.47398376464844,3565600,0.0,0.0
376,2022-07-01,75.86010485032634,77.24451035921656,75.6717452270459,77.19742584228516,4252900,0.0,0.0
377,2022-07-05,76.59469303349033,77.08441370676479,75.42688486958498,76.28390502929688,3068500,0.0,0.0
378,2022-07-06,76.6606140693449,77.19742642567725,76.23681030264989,76.302734375,4797900,0.0,0.0
379,2022-07-07,75.99195309110412,76.04845738556796,73.75994005237814,74.83356475830078,5148000,0.0,0.0
380,2022-07-08,74.67347274412958,74.94658883961903,73.67519177696423,73.78820037841797,3668500,0.0,0.0
381,2022-07-11,73.92946828062135,74.39093683510698,73.54333639867417,74.1178207397461,5459600,0.0,0.0
382,2022-07-12,74.0330622944849,74.71114262536587,73.41148626278218,73.75052642822266,3074500,0.0,0.0
383,2022-07-13,73.37381996812829,74.57929289300287,73.37381996812829,73.86354064941406,3343300,0.0,0.0
384,2022-07-14,72.85584099833683,73.90121363713963,72.60155728339264,73.77877807617188,5753200,0.0,0.0
385,2022-07-15,74.16491812141759,74.39094252669736,73.4303334153686,73.599853515625,4830600,0.0,0.0
386,2022-07-18,73.46800246652916,73.61868300241225,72.48855383513796,72.62982177734375,3526600,0.0,0.0
387,2022-07-19,72.97826587938859,73.38323010011943,72.77107388015163,73.01593780517578,3712500,0.0,0.0
388,2022-07-20,73.0822568526684,73.12963577140445,71.24407191563986,71.64202880859375,5405900,0.47,0.0
389,2022-07-21,71.51884802477143,72.26738283212093,71.3293395939806,72.16316223144531,4054400,0.0,0.0
390,2022-07-22,72.1631693249026,73.45179063591112,72.068411485689,73.4044189453125,2537700,0.0,0.0
391,2022-07-25,73.43285740676042,74.04874733403838,73.23387891868776,73.76448822021484,2427800,0.0,0.0
392,2022-07-26,73.2622915448517,74.48459397034974,73.10121477992,74.4087905883789,2572400,0.0,0.0
393,2022-07-27,74.07716813515742,74.86361204602366,73.66973394763713,74.6267318725586,2421400,0.0,0.0
394,2022-07-28,74.88255003708575,75.51738708865794,74.38984251785271,75.0341567993164,5078100,0.0,0.0
395,2022-07-29,74.4751205164778,75.0057369881691,73.23387079705594,74.60777282714844,5749800,0.0,0.0
396,2022-08-01,74.8162243770853,77.41242875076074,74.62672315206107,76.84391784667969,6899200,0.0,0.0
397,2022-08-02,77.24188263136678,77.27978432603733,75.90588223202285,76.04801177978516,20428800,0.0,0.0
398,2022-08-03,75.80166122733844,77.46929979846261,75.29947637834888,77.1566162109375,3587300,0.0,0.0
399,2022-08-04,76.89129297148622,77.24187094337462,76.23750148811466,76.64493560791016,2787900,0.0,0.0
400,2022-08-05,76.46490328809256,76.46490328809256,75.5079127650787,76.20907592773438,2408200,0.0,0.0
401,2022-08-08,76.50281904301458,76.76812368150313,76.21856717135223,76.56914520263672,5039700,0.0,0.0
402,2022-08-09,76.58809253657644,76.58809253657644,75.81112592659879,75.8584976196289,3254200,0.0,0.0
403,2022-08-10,76.27540130769006,76.54070589472774,75.70689044560822,76.12379455566406,3480300,0.0,0.0
404,2022-08-11,76.08591557447886,76.38912191120293,75.18576656647888,75.32789611816406,4932800,0.0,0.0
405,2022-08-12,75.49844311920673,76.2754097366809,75.41316250451601,76.07643127441406,3277500,0.0,0.0
406,2022-08-15,76.27540692218251,77.07132074188128,76.1143301580542,76.97657012939453,4257600,0.0,0.0
407,2022-08-16,77.16608526721213,78.05674977654365,77.16608526721213,77.86724853515625,2905800,0.0,0.0
408,2022-08-17,77.74405973518962,77.94303817224439,77.43137623595742,77.85775756835938,2128500,0.0,0.0
409,2022-08-18,77.62089589255845,78.62527277465658,77.45034187325948,78.50209045410156,2634300,0.0,0.0
410,2022-08-19,78.63473505311477,79.41170168049055,78.24625535393122,78.90003967285156,4663000,0.0,0.0
411,2022-08-22,78.63474341371625,78.71054680713168,77.6019492872166,77.65879821777344,4144100,0.0,0.0
412,2022-08-23,77.13765416389641,77.18502585566102,76.41753649639588,76.71126556396484,2567700,0.0,0.0
413,2022-08-24,76.92919962280027,76.92919962280027,76.23750640587511,76.7491683959961,2390900,0.0,0.0
414,2022-08-25,76.53124081599044,76.79655267415829,76.23751172356583,76.67337036132812,2660000,0.0,0.0
415,2022-08-26,76.62600371993155,76.93868006548831,74.92046352139717,75.05311584472656,3407600,0.0,0.0
416,2022-08-29,74.82571164703549,75.66900450085923,74.32352682723138,75.41316986083984,2273600,0.0,0.0
417,2022-08-30,75.56478181669983,75.77323754387024,74.66463997192928,74.85414123535156,3095500,0.0,0.0
418,2022-08-31,75.09101318575172,75.3942195113477,74.03926466249492,74.1055908203125,4054100,0.0,0.0
419,2022-09-01,74.02977962233045,75.61214447021484,73.688671638392,75.61214447021484,5924100,0.0,0.0
420,2022-09-02,75.93429701667785,76.19960161654515,73.82133021844318,74.06768035888672,3111700,0.0,0.0
421,2022-09-06,73.6034091620377,74.95836406870856,73.48970407420884,73.68868255615234,4137000,0.0,0.0
422,2022-09-07,73.99187619039276,74.53196984308956,73.8213294314461,74.42774200439453,4264500,0.0,0.0
423,2022-09-08,73.8687023235742,74.19086307451273,72.81695391890578,73.75499725341797,5775200,0.0,0.0
424,2022-09-09,73.54655599529944,74.68357789204202,73.15806905602356,73.9350357055664,6405300,0.0,0.0
425,2022-09-12,74.03926205981027,74.49407514672082,73.55602451040694,73.81185913085938,6390600,0.0,0.0
426,2022-09-13,73.4896898154136,73.74552440613803,71.37672308687887,71.47147369384766,3988500,0.0,0.0
427,2022-09-14,71.82206263560232,73.30966965248524,71.50937911019813,72.06841278076172,8077500,0.0,0.0
428,2022-09-15,72.22002585101183,72.26739754659935,70.61871362256909,71.281982421875,4982400,0.0,0.0
429,2022-09-16,71.38619648895047,71.81258508414007,71.14931634573679,71.71783447265625,5304400,0.0,0.0
430,2022-09-19,71.51885711545242,72.08736802207275,71.48095542447662,72.02104187011719,3646200,0.0,0.0
431,2022-09-20,71.72731491752985,71.89786893463797,70.87455206099861,71.21566009521484,2738600,0.0,0.0
432,2022-09-21,71.61359826101025,72.31476137884736,70.95980682887404,70.96928405761719,2884500,0.0,0.0
433,2022-09-22,70.92191384807683,71.75573658364165,70.78926154542029,71.4051513671875,3452100,0.0,0.0
434,2022-09-23,71.26303206386704,71.94524813488923,70.8650750987739,71.56623840332031,4471900,0.0,0.0
435,2022-09-26,71.5662258717604,71.80310600888605,70.85558546038344,71.06404113769531,3797200,0.0,0.0
436,2022-09-27,71.40515571109087,71.67046033254363,68.72367057610569,68.77104949951172,5260600,0.0,0.0
437,2022-09-28,69.3111355320638,69.55749291999251,68.4109865961357,69.08373260498047,6450900,0.0,0.0
438,2022-09-29,69.09321326568025,69.3585179263752,67.50137807250066,68.0035629272461,4617200,0.0,0.0
439,2022-09-30,68.22148507006227,68.49626691907551,66.47805058819597,66.56332397460938,7510600,0.0,0.0
440,2022-10-03,67.11287688154681,67.62453880478313,66.40223652633097,67.37818145751953,3840300,0.0,0.0
441,2022-10-04,67.53926839251491,68.61944131708476,67.48241946880343,68.06987762451172,4066900,0.0,0.0
442,2022-10-05,68.31622470228234,68.31622470228234,66.90442122070895,67.37818145751953,3467800,0.0,0.0
443,2022-10-06,67.24555372400536,67.33082712784493,65.84321973022556,65.9095458984375,3383000,0.0,0.0
444,2022-10-07,65.89058503538656,65.99481288230763,65.13256564487132,65.36944580078125,4316300,0.0,0.0
445,2022-10-10,65.39786229345388,65.75792471312525,64.27978780464744,64.8862075805664,4756700,0.0,0.0
446,2022-10-11,65.08519964554735,65.97586419396906,65.05677518099262,65.42630767822266,3974400,0.0,0.0
447,2022-10-12,65.59685938009132,66.14641587644759,65.44525260246955,65.483154296875,2819400,0.0,0.0
448,2022-10-13,65.92849236872841,67.52979744396309,65.11362398435652,67.283447265625,4459900,0.0,0.0
449,2022-10-14,67.57717743176744,68.35414413266821,67.16974323318476,67.58665466308594,4964800,0.0,0.0
450,2022-10-17,67.78562270755899,68.89422004378642,67.52978810442448,68.35413360595703,4118000,0.0,0.0
451,2022-10-18,69.11215514391162,70.96929465959529,68.62891761192496,69.09320068359375,10417100,0.0,0.0
452,2022-10-19,69.04583731775159,69.45327151562039,67.8140574928433,67.98461151123047,5301800,0.0,0.0
453,2022-10-20,67.96554361044734,68.46150001603446,66.94501163259652,67.00223541259766,3436100,0.47,0.0
454,2022-10-21,67.22159626454976,68.45195102808808,67.00222634311288,68.16582489013672,5947100,0.0,0.0
455,2022-10-24,68.70947098195852,69.23403919451853,67.92738124680146,68.69039154052734,3500900,0.0,0.0
456,2022-10-25,68.67132839855385,69.57740551536445,68.47103789725917,69.39619445800781,3983300,0.0,0.0
457,2022-10-26,69.63463628421378,70.25458722948709,69.15775206118444,70.03521728515625,3624800,0.0,0.0
458,2022-10-27,70.28319210187642,70.80776032883297,69.6823133837757,69.8444595336914,5128900,0.0,0.0
459,2022-10-28,68.32797225378673,71.22742926072875,67.99415474635568,71.18927764892578,5613100,0.0,0.0
460,2022-10-31,71.16065229715663,71.62799671914844,70.16873240795752,70.4262466430664,6690600,0.0,0.0
461,2022-11-01,70.34041893281797,71.10343655733563,70.14012844363404,70.33087921142578,3716000,0.0,0.0
462,2022-11-02,70.21643253668631,70.96037072769296,69.39619112694169,69.40572357177734,3991800,0.0,0.0
463,2022-11-03,68.87160298278935,69.39617841971291,68.73807601278592,69.04328155517578,3001600,0.0,0.0
464,2022-11-04,69.62509423380826,70.27365704650528,68.96699169950048,69.80631256103516,3947400,0.0,0.0
465,2022-11-07,70.09243476623195,70.58839838856318,69.73000540889382,70.10197448730469,3052500,0.0,0.0
466,2022-11-08,70.45487509573199,71.2941886772794,69.95891144738655,70.39764404296875,3291500,0.0,0.0
467,2022-11-09,70.35948573579667,70.46440083308761,70.02566827926859,70.0638198852539,3368700,0.0,0.0
468,2022-11-10,71.32280235984656,71.63754768959932,70.37857364726395,71.50402069091797,3828200,0.0,0.0
469,2022-11-11,71.40864626221612,71.89506293108667,70.23550787041049,71.12251281738281,3160000,0.0,0.0
470,2022-11-14,71.4372581513643,72.59131709928731,71.10344065017595,71.12251281738281,3243300,0.0,0.0
471,2022-11-15,71.99042836828518,72.41008143648602,71.13203551589297,71.83782196044922,3495900,0.0,0.0
472,2022-11-16,72.19072035782534,73.03003378876795,72.1525687550542,72.49592590332031,2799000,0.0,0.0
473,2022-11-17,72.34333498961024,72.72484382237424,71.57078487885306,71.8092269897461,4618500,0.0,0.0
474,2022-11-18,72.55316364861825,73.13496296879894,72.21934615589382,72.92513275146484,4060900,0.0,0.0
475,2022-11-21,73.15402327128633,73.71675033347977,72.81066611254867,73.36385345458984,4228200,0.0,0.0
476,2022-11-22,73.64999610830834,73.8121349879162,72.57223317246424,72.83929443359375,4288800,0.0,0.0
477,2022-11-23,73.0014211703258,73.44969340252739,72.94419740508273,73.3733901977539,3861400,0.0,0.0
478,2022-11-25,73.56415187360565,73.65953453209505,73.11588685141139,73.22079467773438,1388800,0.0,0.0
479,2022-11-28,73.00142997531673,73.41155065459786,72.72483628215736,72.84882354736328,2511800,0.0,0.0
480,2022-11-29,72.44823158180309,72.84881247930737,72.14302604894164,72.45777130126953,2499800,0.0,0.0
481,2022-11-30,72.35286481997888,73.8979721069336,72.20025839706616,73.8979721069336,5816100,0.0,0.0
482,2022-12-01,74.17455922525639,74.82312197550245,74.08872356905131,74.15548706054688,3507100,0.0,0.0
483,2022-12-02,73.88844106284995,74.63237927022112,73.69768301180888,74.55607604980469,2797000,0.0,0.0
484,2022-12-05,73.89796069853135,74.1364027400156,73.40199717730691,73.55460357666016,3160000,0.0,0.0
485,2022-12-06,73.64998924438873,74.07918206845152,73.14449320997157,73.64044952392578,3020100,0.0,0.0
486,2022-12-07,73.6881432494398,74.08872420183447,73.44016144604912,73.96473693847656,4032600,0.0,0.0
487,2022-12-08,73.80258465319234,74.55606244478959,73.49737910389625,74.52745056152344,2672300,0.0,0.0
488,2022-12-09,74.36532324380289,74.7372923373264,74.10780170110175,74.1841049194336,2516700,0.0,0.0
489,2022-12-12,74.38439189686636,75.0711062760686,74.03150226293053,74.9757308959961,4774600,0.0,0.0
490,2022-12-13,75.58613707527282,75.77688782283711,74.41299887539611,75.1092529296875,3760500,0.0,0.0
491,2022-12-14,75.2904650887419,76.14885065939897,74.93756823020746,75.67196655273438,3692000,0.0,0.0
492,2022-12-15,74.88034334414655,75.21416075847598,73.64998149418331,74.27946472167969,4021200,0.0,0.0
493,2022-12-16,73.88843772908223,74.50838863281189,73.67860752074218,74.16503143310547,9426200,0.0,0.0
494,2022-12-19,74.01243361581,75.27140773574698,73.84075499596968,74.37487030029297,3440300,0.0,0.0
495,2022-12-20,74.29854943498407,74.46068829392932,73.56414379465063,74.09825897216797,2831900,0.0,0.0
496,2022-12-21,74.41300875368562,75.33816528320312,74.3939365870672,75.33816528320312,3025200,0.0,0.0
497,2022-12-22,75.33816002807988,75.64336560941415,74.60376159935137,75.61475372314453,2548400,0.0,0.0
498,2022-12-23,75.54799124581179,75.90088816012553,75.29047698924644,75.77689361572266,1488500,0.0,0.0
499,2022-12-27,75.88180319806985,76.52083348579386,75.59567707566359,76.2442398071289,3078600,0.0,0.0
500,2022-12-28,76.46359576189722,76.72111725391386,75.16647041225318,75.17601013183594,1918700,0.0,0.0
501,2022-12-29,75.62428883116766,75.9771857192085,75.30954354805081,75.70059204101562,1954200,0.0,0.0
502,2022-12-30,75.66245098439713,75.7768985384499,74.5942277276257,75.14741516113281,2238600,0.0,0.0
503,2023-01-03,75.14740197236213,75.50983129104698,74.12687022667187,75.4716796875,2920200,0.0,0.0
504,2023-01-04,75.53845420042566,76.42545910150933,75.52892175565329,75.95811462402344,3976800,0.0,0.0
505,2023-01-05,75.84364723522444,76.12024089799675,74.8135830664033,74.9089584350586,2295600,0.0,0.0
506,2023-01-06,75.72920703011559,76.74019913368626,75.50983711197813,76.28239440917969,2274500,0.0,0.0
507,2023-01-09,76.26331034590416,76.68297071516544,74.92803330644287,75.09017944335938,2826000,0.0,0.0
508,2023-01-10,75.31908869508372,75.31908869508372,74.41300438537503,74.6895980834961,3397200,0.0,0.0
509,2023-01-11,74.81359715633471,75.08065114953455,73.14450242216022,73.56415557861328,9122200,0.0,0.0
510,2023-01-12,73.78351546541137,74.01241781744594,72.82020745544882,73.28755187988281,6059000,0.0,0.0
511,2023-01-13,73.14449465626572,74.39392882465671,73.03003983847101,74.25086212158203,3800100,0.0,0.0
512,2023-01-17,74.54653301957363,75.31908300573433,74.47022980999182,74.61329650878906,5615100,0.0,0.0
513,2023-01-18,74.38439455009626,74.70867958591988,72.78206336702885,72.7916030883789,3996300,0.0,0.0
514,2023-01-19,72.26702105426018,72.99188700138407,71.71384096926992,71.72337341308594,4436400,0.0,0.0
515,2023-01-20,71.74256662471713,72.50078325770453,71.05153337326333,72.4048080444336,11899800,0.47,0.0
516,2023-01-23,72.50080153261796,72.62556860907564,71.9249427853991,72.46240997314453,2463400,0.0,0.0
517,2023-01-24,72.35681468963062,72.93267327508649,71.50262286800927,72.88468933105469,4219100,0.0,0.0
518,2023-01-25,72.44320877198916,72.93268461841399,71.62740104973379,72.7215347290039,3142700,0.0,0.0
519,2023-01-26,72.57757851082766,72.7599292498463,72.09769504167434,72.49119567871094,3744000,0.0,0.0
520,2023-01-27,69.91902528091569,70.10138335617137,68.08587409773101,68.709716796875,13482900,0.0,0.0
521,2023-01-30,69.29516554319889,70.76361501485788,69.15120636969912,69.94780731201172,9191600,0.0,0.0
522,2023-01-31,70.4276845712296,71.54101756488416,70.31251724253399,71.53141784667969,5890100,0.0,0.0
523,2023-02-01,71.43545611693179,72.27045601979688,71.12833097836777,71.9729232788086,3722200,0.0,0.0
524,2023-02-02,71.19551065570103,71.21470277229115,70.36051079644047,70.76361846923828,5024700,0.0,0.0
525,2023-02-03,70.98436158008566,71.40666137434646,70.27413609900753,71.30108642578125,3861200,0.0,0.0
526,2023-02-06,71.21470879612731,71.41626631079562,70.33172490948225,70.87879180908203,4186900,0.0,0.0
527,2023-02-07,70.47568093151898,70.59085559097522,69.78464761966154,70.494873046875,3755100,0.0,0.0
528,2023-02-08,70.17815866468335,70.71562578780467,69.88062594514946,70.40850067138672,3230100,0.0,0.0
529,2023-02-09,70.55246784371624,70.7828098526143,69.88062661097293,69.89982604980469,3740400,0.0,0.0
530,2023-02-10,69.9958003450949,70.76361679445714,69.80384989397452,70.59085845947266,3524300,0.0,0.0
531,2023-02-13,70.8979845023814,71.06114312021258,70.50447655326337,70.802001953125,3664300,0.0,0.0
532,2023-02-14,70.93638141229697,70.93638141229697,69.96701470666913,70.23574829101562,2382500,0.0,0.0
533,2023-02-15,69.93820558511732,70.05337290855293,69.38153911371458,69.77503967285156,4399200,0.0,0.0
534,2023-02-16,69.4103471711542,70.0341971678829,68.85368056961532,69.84223937988281,4701800,0.0,0.0
535,2023-02-17,70.0245936448718,71.9441274859783,70.0245936448718,71.5218276977539,5019100,0.0,0.0
536,2023-02-21,70.92678400836009,71.7233923897164,70.92678400836009,71.27230072021484,4098100,0.0,0.0
537,2023-02-22,71.50264291195344,72.02091798088068,71.2051174792594,71.41626739501953,3645600,0.0,0.0
538,2023-02-23,71.41626690971339,71.76177629754241,69.98620878903452,70.69644165039062,3008600,0.0,0.0
539,2023-02-24,70.33172591662108,70.40850903545699,69.82305056860535,70.18775939941406,3115000,0.0,0.0
540,2023-02-27,70.46607378253678,71.15710702153028,70.27412335945604,70.63883209228516,3434600,0.0,0.0
541,2023-02-28,70.34131428254963,70.6868309390965,69.93821395739165,70.35091400146484,3614300,0.0,0.0
542,2023-03-01,70.39889734734558,70.39889734734558,68.93045523083639,69.63108825683594,2880800,0.0,0.0
543,2023-03-02,69.66947670283957,70.97476029036991,69.62149275065181,70.802001953125,2916000,0.0,0.0
544,2023-03-03,71.02276087320307,71.10913639192563,70.30293559408277,70.97476959228516,2532600,0.0,0.0
545,2023-03-06,70.73482451231789,71.0611490978711,70.27414045587238,70.34132385253906,3001600,0.0,0.0
546,2023-03-07,70.30292895123675,70.41810362109217,68.19144459430558,68.62333679199219,6423000,0.0,0.0
547,2023-03-08,68.55615166725418,69.14161007662996,68.37379360853174,69.06482696533203,2942800,0.0,0.0
548,2023-03-09,69.4199391790223,69.61188962325693,68.06666438311588,68.46976470947266,4893200,0.0,0.0
549,2023-03-10,68.84408668880101,68.89207064293655,68.32581165602838,68.44097900390625,3694600,0.0,0.0
550,2023-03-13,68.47937028528308,70.18775428138133,68.47937028528308,68.62333679199219,5949900,0.0,0.0
551,2023-03-14,68.81528970911181,69.41034787427863,68.5081645676414,69.33356475830078,5098000,0.0,0.0
552,2023-03-15,68.6713205953918,70.12056325721534,68.6713205953918,69.99579620361328,5993500,0.0,0.0
553,2023-03-16,70.36050842676363,70.4948752056907,69.69827425132021,70.0149917602539,4256400,0.0,0.0
554,2023-03-17,70.11096600481808,70.11096600481808,68.94004936502068,69.29515838623047,9106100,0.0,0.0
555,2023-03-20,69.52552024521869,70.35092040853675,69.47752896871201,70.1397705078125,4557500,0.0,0.0
556,2023-03-21,70.08217625948127,70.31252558909556,69.07442540157024,69.46792602539062,4561200,0.0,0.0
557,2023-03-22,69.77504838936075,70.33171493030395,69.21838917085765,69.22798156738281,3180800,0.0,0.0
558,2023-03-23,69.19918967950902,69.78464805445594,68.89206457481885,68.94005584716797,3494500,0.0,0.0
559,2023-03-24,69.34316177309545,70.581262010782,69.19919526686385,70.4660873413086,5013500,0.0,0.0
560,2023-03-27,70.84998509755815,71.4738349839344,70.73481044513129,71.16670989990234,4203900,0.0,0.0
561,2023-03-28,71.45464849269217,71.78097307246847,71.25309830626016,71.50263977050781,4241900,0.0,0.0
562,2023-03-29,71.98251406730422,72.12648055992683,71.39705570042828,71.47383880615234,2873200,0.0,0.0
563,2023-03-30,71.53142455896592,72.36642438256061,71.47384088921463,72.22245788574219,4181600,0.0,0.0
564,2023-03-31,72.56797197399268,72.80791368602878,72.04009727853729,72.12648010253906,5153600,0.0,0.0
565,2023-04-03,72.21285878433766,72.7023419487312,71.85774972124688,72.32803344726562,3188700,0.0,0.0
566,2023-04-04,72.51038957887361,72.84630651713165,71.69458188568115,71.72338104248047,3002600,0.0,0.0
567,2023-04-05,72.2992416121437,73.02865917670005,72.2896418929563,72.32803344726562,4949500,0.0,0.0
568,2023-04-06,72.54878714151835,73.00947854324467,71.99212782258589,72.63516998291016,3261800,0.0,0.0
569,2023-04-10,72.1456741588474,72.29924037345367,71.61780677162865,72.11688232421875,2735100,0.0,0.0
570,2023-04-11,72.53918671481237,73.14383724786816,72.27045314456535,72.96147918701172,7115700,0.0,0.0
571,2023-04-12,72.96148861813496,73.51815526985408,72.57758765241017,72.99028778076172,4438400,0.0,0.0
572,2023-04-13,72.99026859583152,73.5469277787955,72.77911872671707,73.44135284423828,3315000,0.0,0.0
573,2023-04-14,73.0670573954199,73.19183178891588,72.31844032420776,72.54878234863281,3756800,0.0,0.0
574,2023-04-17,72.7215336698282,73.06705033429589,72.38561672449579,72.65435028076172,4727500,0.0,0.0
575,2023-04-18,72.67354414662393,72.93267796388491,72.14566947126312,72.50078582763672,3499300,0.0,0.0
576,2023-04-19,72.65435730200282,72.84631509105782,72.10729041746772,72.54878234863281,3629700,0.0,0.0
577,2023-04-20,72.78058790187157,73.85273785049525,72.66468457936175,73.75614929199219,7763200,0.48,0.0
578,2023-04-21,74.5481918362746,74.85727966398876,74.11353961172613,74.18115234375,11708600,0.0,0.0
579,2023-04-24,74.16183802819405,75.28228612755849,74.16183802819405,75.22432708740234,5350900,0.0,0.0
580,2023-04-25,75.37887079517297,75.88113577866591,74.86694474394878,75.05046081542969,6437500,0.0,0.0
581,2023-04-26,74.52888203912566,75.00217119484192,73.99763384550036,74.06524658203125,4592000,0.0,0.0
582,2023-04-27,74.36467238820667,75.31125805647312,74.16183418127146,75.27262115478516,5652600,0.0,0.0
583,2023-04-28,76.37373930444457,78.71121634991825,76.37373930444457,77.07884979248047,9633400,0.0,0.0
584,2023-05-01,77.1174933784831,78.26691734647962,76.67318002705458,77.93851470947266,6111100,0.0,0.0
585,2023-05-02,78.04475749586557,78.29588630118592,77.52317038066607,78.09304809570312,5963300,0.0,0.0
586,2023-05-03,78.04476137258399,79.0396376833285,77.87089899221455,78.48907470703125,6380000,0.0,0.0
587,2023-05-04,78.74984405819826,78.97200435210938,77.71633111362155,78.03507995605469,7441500,0.0,0.0
588,2023-05-05,77.85157238350453,78.23793402537817,77.60043621090136,77.84191131591797,5359300,0.0,0.0
589,2023-05-08,77.74532378498384,78.20895923526479,77.43623594120837,77.9964599609375,6564700,0.0,0.0
590,2023-05-09,78.25725253696352,78.4311149156665,77.80328550796169,77.89021301269531,3363500,0.0,0.0
591,2023-05-10,77.80327765134,78.55667875989546,77.61009315604693,78.33451843261719,5094400,0.0,0.0
592,2023-05-11,78.59532199538931,78.88508770783763,78.15100867424675,78.84645080566406,3243300,0.0,0.0
593,2023-05-12,78.6919132282997,79.25213727491493,78.53736561437722,79.18452453613281,3483800,0.0,0.0
594,2023-05-15,79.09758542322562,79.29076256104314,78.06407226050746,78.3152084350586,4477100,0.0,0.0
595,2023-05-16,78.38282448218261,78.51804995821576,77.6583991309041,78.01577758789062,7159500,0.0,0.0
596,2023-05-17,77.98679376630822,78.30554265684435,77.40725501848299,77.76464080810547,3083000,0.0,0.0
597,2023-05-18,77.3782869006305,77.52317344433988,76.31579786215458,76.97261047363281,4043700,0.0,0.0
598,2023-05-19,77.14646270550844,77.3106639944724,76.66351253615458,77.20441436767578,3763300,0.0,0.0
599,2023-05-22,76.86635349954798,76.94362729805223,75.55272840191586,75.73625183105469,6066200,0.0,0.0
600,2023-05-23,75.62034705817786,75.64932289257845,74.41297149658203,74.41297149658203,5299300,0.0,0.0
601,2023-05-24,74.60614935514963,74.78967280042987,73.8624092445285,73.8720703125,7584200,0.0,0.0
602,2023-05-25,73.64990997314453,74.01694949451208,72.96412153180124,73.64990997314453,6149900,0.0,0.0
603,2023-05-26,73.60160602265604,74.10387834712562,73.54365435799997,73.61126708984375,5750000,0.0,0.0
604,2023-05-30,72.90616711758948,73.29252139112074,72.12378276444724,72.39423370361328,4341300,0.0,0.0
605,2023-05-31,72.5777524131635,72.65502621052909,71.76639964852947,71.84366607666016,19133300,0.0,0.0
606,2023-06-01,72.35560070337628,72.70331805903996,72.09480347508472,72.34593963623047,4704100,0.0,0.0
607,2023-06-02,72.20106764368391,73.52435407817224,72.056181084264,73.45674133300781,4755200,0.0,0.0
608,2023-06-05,73.2345724811495,74.38399638511531,73.2345724811495,73.64990997314453,4681300,0.0,0.0
609,2023-06-06,73.75614991487193,73.9203512026373,72.72263685476827,72.99308776855469,5154500,0.0,0.0
610,2023-06-07,72.65502617447662,72.85786436553447,71.89196400664855,72.63570404052734,3879600,0.0,0.0
611,2023-06-08,72.70332335273004,73.17661987728093,72.51014621115844,73.14764404296875,3218800,0.0,0.0
612,2023-06-09,72.88685145108728,73.46639028205371,72.7612870379693,73.25389099121094,3186700,0.0,0.0
613,2023-06-12,73.59195963233768,73.68854820610068,72.61639808808901,73.13798522949219,3374700,0.0,0.0
614,2023-06-13,72.72265252790855,72.93515182574836,72.48117739295171,72.67435455322266,4121200,0.0,0.0
615,2023-06-14,72.6646971137595,73.23457486569367,72.43287569028222,72.84821319580078,2979000,0.0,0.0
616,2023-06-15,73.26354255858585,74.20046710894178,72.92547889846647,74.18115234375,3947600,0.0,0.0
617,2023-06-16,74.46125769449552,75.37886748859002,74.46125769449552,75.12773132324219,7368900,0.0,0.0
618,2023-06-20,75.28227813510367,75.85215582328011,74.96352924041086,74.97319030761719,5232000,0.0,0.0
619,2023-06-21,74.98284400558842,75.28227813510367,74.58682868095032,74.97319030761719,3618100,0.0,0.0
620,2023-06-22,75.3692010503489,75.51408757269532,74.8089770942013,75.34022521972656,3939100,0.0,0.0
621,2023-06-23,75.65898290162167,75.65898290162167,74.41297045518425,74.48058319091797,10964300,0.0,0.0
622,2023-06-26,74.03627239619756,74.28740858143368,73.03173502448881,74.026611328125,4236600,0.0,0.0
623,2023-06-27,73.80445664124198,74.00729485066283,73.0413944043337,73.14764404296875,7488500,0.0,0.0
624,2023-06-28,72.76128625767939,73.35048615079359,72.10447362449813,73.3215103149414,5100300,0.0,0.0
625,2023-06-29,72.87718314396703,74.12319555986232,72.57775637437662,73.94933319091797,4419100,0.0,0.0
626,2023-06-30,74.10388364758292,74.7703573157392,73.9589971063443,74.41297149658203,4781800,0.0,0.0
627,2023-07-03,74.0362628964274,74.79932505306223,73.91069113530386,74.50955200195312,2092200,0.0,0.0
628,2023-07-05,74.66410916371028,74.79933463976316,74.04593345340113,74.24877166748047,4796400,0.0,0.0
629,2023-07-06,73.87206184763826,74.46125428014354,73.67887735652316,74.28739929199219,3287700,0.0,0.0
630,2023-07-07,74.09422420474337,74.1328611078701,72.95446135483014,73.01241302490234,4420200,0.0,0.0
631,2023-07-10,73.20560410612661,73.90105368630893,73.00276587344618,73.30219268798828,3724900,0.0,0.0
632,2023-07-11,73.37945311551086,73.37945311551086,72.10446490750165,72.81922912597656,5200200,0.0,0.0
633,2023-07-12,72.88684976959047,73.1476470275122,72.45219749870206,72.59708404541016,5291500,0.0,0.0
634,2023-07-13,72.81923422825781,73.43740992580466,72.47150947723327,73.27320861816406,4346200,0.0,0.0
635,2023-07-14,73.2345665404812,74.01694349037864,72.96411561307147,73.83342742919922,2978000,0.0,0.0
636,2023-07-17,73.68855031416301,73.77547782226577,72.84821422298961,73.00276184082031,5938900,0.0,0.0
637,2023-07-18,73.23457622351435,74.33570221312138,73.08003597423345,73.25389099121094,3916200,0.0,0.0
638,2023-07-19,73.45673135601798,73.94933527420844,73.07036970645319,73.8141098022461,5717700,0.0,0.0
639,2023-07-20,73.81410548323765,75.00966818349636,73.31838056527444,74.84442901611328,4345900,0.48,0.0
640,2023-07-21,75.0874317317964,75.3984732235674,74.5625478239677,75.02911376953125,11117900,0.0,0.0
641,2023-07-24,74.96108199461607,75.43736270954177,74.63059620153449,75.31100463867188,3494500,0.0,0.0
642,2023-07-25,75.65121210037539,75.7386890615195,75.00968472205612,75.66092681884766,4787400,0.0,0.0
643,2023-07-26,75.5734370824005,76.16636110486519,75.03883102417352,75.77755737304688,4116700,0.0,0.0
644,2023-07-27,75.74840701370545,76.19552876065933,74.93191834236103,74.95136260986328,5637200,0.0,0.0
645,2023-07-28,73.09481902372337,73.61970294386879,71.68541385327288,73.50306701660156,10891400,0.0,0.0
646,2023-07-31,73.54195825323455,74.36816165362418,73.30867153496206,74.12516021728516,8106100,0.0,0.0
647,2023-08-01,73.98907477643158,74.9416361866941,73.98907477643158,74.49451446533203,4721400,0.0,0.0
648,2023-08-02,74.49450956645329,75.67063546796031,74.36815150649137,75.36931610107422,4275700,0.0,0.0
649,2023-08-03,75.15548519008348,75.20408844448954,74.08628033548936,74.43620300292969,4935300,0.0,0.0
650,2023-08-04,74.30983626614841,74.99996687126873,74.07655696369123,74.12516021728516,4574900,0.0,0.0
651,2023-08-07,74.3195457018415,75.02911303767401,74.3195457018415,74.74723052978516,2469400,0.0,0.0
652,2023-08-08,74.86387806872396,74.97079929229929,74.04739681503801,74.19319915771484,3796200,0.0,0.0
653,2023-08-09,74.24178789309758,74.85415619060086,74.15431094534824,74.34870910644531,3314900,0.0,0.0
654,2023-08-10,74.51395919068048,75.02912101594868,73.98907523215776,74.14459228515625,2552400,0.0,0.0
655,2023-08-11,74.3195457018415,74.76666737841256,74.12514755231116,74.74723052978516,2742300,0.0,0.0
656,2023-08-14,74.94163833486003,74.99996371988506,73.46419292695747,73.60027313232422,4249000,0.0,0.0
657,2023-08-15,73.3572654076748,73.46418661925618,72.34637867187817,72.55049896240234,4476300,0.0,0.0
658,2023-08-16,72.67686280374501,72.87126839290686,72.13254198572174,72.33666229248047,3639900,0.0,0.0
659,2023-08-17,72.35610589693376,72.76434650671405,71.87981776970854,71.92842102050781,2873100,0.0,0.0
660,2023-08-18,71.5590623558106,72.57966389206493,71.47157798652309,72.46302795410156,3681500,0.0,0.0
661,2023-08-21,72.22002690070742,72.29778172114496,71.45214150329736,71.73402404785156,3157300,0.0,0.0
662,2023-08-22,71.52989562778649,71.72430121652637,71.08277389740715,71.45214080810547,3096500,0.0,0.0
663,2023-08-23,71.7923413186316,72.09366071140975,71.08277389740715,71.45214080810547,2615300,0.0,0.0
664,2023-08-24,71.49102062371261,72.22973960002432,71.248019204075,71.2674560546875,3692900,0.0,0.0
665,2023-08-25,71.42297548402658,72.03533634861859,71.19941093077371,71.76317596435547,2663300,0.0,0.0
666,2023-08-28,71.87009585490114,71.93813594971743,71.13136952845697,71.5784912109375,2871100,0.0,0.0
667,2023-08-29,71.45213489871203,71.60765194102709,70.4218039031407,71.41325378417969,3566500,0.0,0.0
668,2023-08-30,71.55905851531273,71.95757697499113,71.4035340519551,71.7826156616211,2415500,0.0,0.0
669,2023-08-31,71.92841557405819,72.03533678506857,71.36465053706068,71.41325378417969,5205300,0.0,0.0
670,2023-09-01,71.87981330655812,71.89925757199646,70.95641092522683,71.2188491821289,2412800,0.0,0.0
671,2023-09-05,70.95641139608068,71.59793867514306,70.69397313743711,70.74256896972656,2976200,0.0,0.0
672,2023-09-06,70.68425204634053,70.80088797820568,70.25656718732941,70.29544830322266,2869100,0.0,0.0
673,2023-09-07,70.61621868174389,72.10338628136387,70.60649654788978,71.50074005126953,5704300,0.0,0.0
674,2023-09-08,71.51044733205356,71.73401186937069,71.0438814095635,71.15080261230469,3804500,0.0,0.0
675,2023-09-11,71.15082502161592,72.05479075580028,71.14111030253521,71.87982940673828,3286600,0.0,0.0
676,2023-09-12,71.91868695955732,71.91868695955732,70.46067866716675,70.48983764648438,3639400,0.0,0.0
677,2023-09-13,70.88838256752504,71.17026513654754,70.44126079398386,70.79118347167969,3111800,0.0,0.0
678,2023-09-14,70.8494910134141,71.41325606844453,70.53844950302052,71.40353393554688,3409500,0.0,0.0
679,2023-09-15,71.23829404196074,71.72429686057217,70.87864928649508,71.12165069580078,5586000,0.0,0.0
680,2023-09-18,71.34521608610328,72.03533920666995,70.81061001307967,71.7826156616211,4042700,0.0,0.0
681,2023-09-19,71.59794244357808,71.62710142764938,70.567611372898,71.17025756835938,3016000,0.0,0.0
682,2023-09-20,71.41324690319314,71.87980540099763,70.98556210036101,71.69512939453125,4212100,0.0,0.0
683,2023-09-21,71.78261848130126,71.90898396669671,71.1508133017686,71.17025756835938,3315200,0.0,0.0
684,2023-09-22,71.26745392015343,71.61737654721624,70.31488512074588,70.42180633544922,4242600,0.0,0.0
685,2023-09-25,70.22740880010818,70.63564939672851,69.84832718670148,70.19824981689453,3296400,0.0,0.0
686,2023-09-26,69.96498392244393,70.39266145110014,69.89694380998844,69.98442077636719,3789400,0.0,0.0
687,2023-09-27,69.91636694394926,70.19824947332597,68.83744007543702,69.06100463867188,3572800,0.0,0.0
688,2023-09-28,69.29428385303443,69.52756313319426,68.88604325880108,69.313720703125,3364000,0.0,0.0
689,2023-09-29,69.78028788216109,69.78028788216109,68.74024211274379,69.11932373046875,3226300,0.0,0.0
690,2023-10-02,68.92492372858918,68.99296382699016,68.28339644439605,68.77912139892578,2634400,0.0,0.0
691,2023-10-03,68.85686782789608,69.14847245170665,68.39030932877552,68.49723052978516,3174300,0.0,0.0
692,2023-10-04,68.56527994669004,68.94436155972127,68.04039600192033,68.584716796875,2777200,0.0,0.0
693,2023-10-05,68.15703651250824,68.30283142236136,67.22391201037655,67.33082580566406,3565300,0.0,0.0
694,2023-10-06,67.07811042943374,67.62243120776688,65.72702320048938,67.4863510131836,6481000,0.0,0.0
695,2023-10-09,67.2627839918233,67.60299188163289,66.5240650813801,67.36970520019531,3983500,0.0,0.0
696,2023-10-10,67.64187682656205,68.09872071723811,67.33083528207426,67.544677734375,4737800,0.0,0.0
697,2023-10-11,67.66131396573104,68.07927669233288,66.63099034863492,66.94203186035156,3310200,0.0,0.0
698,2023-10-12,66.92258365464461,68.19591602536525,66.62126429360609,67.74878692626953,7153500,0.0,0.0
699,2023-10-13,67.91403804750371,69.04156075544581,67.84599794802284,68.96379852294922,3898000,0.0,0.0
700,2023-10-16,69.61504148232028,70.23712445286529,69.08043545334536,70.13020324707031,6437400,0.0,0.0
701,2023-10-17,70.04273529665014,70.26629989272081,69.22625398748568,70.06217956542969,10084500,0.0,0.0
702,2023-10-18,70.42180603965919,71.3743748350657,70.26628899262592,71.02445220947266,6058300,0.0,0.0
703,2023-10-19,71.19941599014298,71.65625984582512,70.52872969854027,71.14109802246094,8005100,0.0,0.0
704,2023-10-20,71.60095618148739,72.02167813940653,71.33678540082698,71.68901062011719,6560000,0.48,0.0
705,2023-10-23,71.42483249206076,71.55202471192112,70.31921790929546,70.40727233886719,4517600,0.0,0.0
706,2023-10-24,70.55404345062564,71.34656324621861,70.5344708213584,71.2682876586914,4163300,0.0,0.0
707,2023-10-25,71.25851714948135,71.87492067767224,71.01391150840647,71.82600402832031,5355300,0.0,0.0
708,2023-10-26,71.70858060697047,72.34455667779716,71.31721014301785,71.50311279296875,6871000,0.0,0.0
709,2023-10-27,71.72815823112113,72.94140762660832,69.9278642348839,70.24095916748047,12666500,0.0,0.0
710,2023-10-30,71.19980096906386,72.59894542159995,70.79865163178154,72.28585052490234,6534000,0.0,0.0
711,2023-10-31,72.6185180023394,73.6556434473024,72.37391238118614,73.49909973144531,7591100,0.0,0.0
712,2023-11-01,73.52844840767204,73.67521326772146,72.79463157219581,73.31319427490234,4757700,0.0,0.0
713,2023-11-02,73.09794273361189,73.43061025916907,72.61851780757328,73.18600463867188,5624700,0.0,0.0
714,2023-11-03,73.26426936371809,73.72412910327355,72.96096079710526,73.20556640625,4362500,0.0,0.0
715,2023-11-06,73.24471180770524,73.81219867141317,73.10773324953733,73.587158203125,4288100,0.0,0.0
716,2023-11-07,73.45995511867777,73.92959368743433,73.14686025124992,73.60671997070312,3275000,0.0,0.0
717,2023-11-08,73.56759183663713,74.04701678240319,73.25449692810828,73.61650848388672,3113100,0.0,0.0
718,2023-11-09,73.8219700665095,73.9295971320247,73.18600145271883,73.51866149902344,2631900,0.0,0.0
719,2023-11-10,73.68499292874885,73.96873633736253,73.05880315276383,73.80240631103516,3667800,0.0,0.0
720,2023-11-13,74.1644303372941,74.61450380275684,74.08615474379498,74.31118774414062,2805500,0.0,0.0
721,2023-11-14,74.1644306619191,75.19176983819882,74.07636875265426,75.00587463378906,2919900,0.0,0.0
722,2023-11-15,74.89824316555251,75.38745440121315,73.74370435080256,73.84154510498047,4810900,0.0,0.0
723,2023-11-16,73.93938884178287,74.80039796396008,73.929602526539,74.34054565429688,4432800,0.0,0.0
724,2023-11-17,74.36010862448622,74.51665980468054,73.87089738353565,73.94917297363281,3231700,0.0,0.0
725,2023-11-20,73.65564244670269,74.11550220258707,73.54801537767567,73.84154510498047,3150200,0.0,0.0
726,2023-11-21,74.01766164821444,74.93737369769482,73.76326971484829,74.91780853271484,3669500,0.0,0.0
727,2023-11-22,75.24068993919956,75.82774193217183,75.20155214436527,75.61248779296875,3217300,0.0,0.0
728,2023-11-24,75.80817556533201,75.80817556533201,75.3580946642584,75.64183807373047,1150400,0.0,0.0
729,2023-11-27,75.71033015256045,75.78860574388831,75.34831860601876,75.44615936279297,3706600,0.0,0.0
730,2023-11-28,75.63205780703005,76.31695053101544,75.41680367527154,76.18975830078125,3471200,0.0,0.0
731,2023-11-29,76.1604013900449,76.37565552754918,75.79838985403407,76.19953918457031,4010200,0.0,0.0
732,2023-11-30,76.19953243584214,77.31493335433079,75.79838314083429,77.07032775878906,7148500,0.0,0.0
733,2023-12-01,77.15838984871182,77.28558207139574,76.65939234241735,77.00183868408203,3488400,0.0,0.0
734,2023-12-04,76.80615658689226,77.48127041568189,76.80615658689226,77.27580261230469,4154400,0.0,0.0
735,2023-12-05,77.29537788141496,77.32472936219641,75.8668819201386,76.00386047363281,4075300,0.0,0.0
736,2023-12-06,75.97450960037993,76.17019111700178,75.46572571352894,75.79839324951172,3595400,0.0,0.0
737,2023-12-07,75.94515228271484,76.29738495738096,75.5048577069968,75.94515228271484,3107200,0.0,0.0
738,2023-12-08,75.88643642099699,75.88643642099699,75.03521373887725,75.50485229492188,4317800,0.0,0.0
739,2023-12-11,75.68097826124246,76.19954098762534,75.59292382005498,75.9647216796875,3958200,0.0,0.0
740,2023-12-12,76.14083642633972,76.90400475967418,75.85709301385901,76.89421844482422,3798500,0.0,0.0
741,2023-12-13,76.72788522460735,77.72588028420154,76.35608738825563,77.67695617675781,4000100,0.0,0.0
742,2023-12-14,76.60070052138505,77.08012546939631,74.55579355862673,74.62428283691406,8434000,0.0,0.0
743,2023-12-15,74.22312628604965,75.3483135757636,73.87089361336058,75.31896209716797,10223900,0.0,0.0
744,2023-12-18,75.85708583214708,76.61047524407607,75.69075581930004,76.37564849853516,4212400,0.0,0.0
745,2023-12-19,76.32674690089284,76.86487483641146,76.15063053941341,76.44415283203125,3370700,0.0,0.0
746,2023-12-20,76.06256103533761,76.63983417665362,75.6711905528003,75.68097686767578,5326800,0.0,0.0
747,2023-12-21,75.96471885145725,76.28760005333267,75.29939128309472,76.22889709472656,5267000,0.0,0.0
748,2023-12-22,76.45392730474846,77.02141409991665,76.2973835992228,76.80615997314453,4042400,0.0,0.0
749,2023-12-26,76.77680273483679,77.63781171255864,76.61047272745361,77.33450317382812,3572700,0.0,0.0
750,2023-12-27,76.99206205715176,77.53018990536569,76.8355108880033,77.3932113647461,3268700,0.0,0.0
751,2023-12-28,77.72587847460831,77.77479511614241,77.2170946422137,77.53018951416016,2317100,0.0,0.0
752,2023-12-29,77.41279318984608,78.05854817737205,77.39322055899201,77.99005889892578,2463300,0.0,0.0
753,2024-01-02,77.91177194271563,78.98804253958578,77.67695266011232,78.97825622558594,6099500,0.0,0.0
754,2024-01-03,79.21307992615081,79.5457474377656,78.09767894061271,78.16616821289062,4959600,0.0,0.0
755,2024-01-04,78.16616584271138,78.85105854472309,78.03897361655794,78.60645294189453,4441900,0.0,0.0
756,2024-01-05,78.69452145012761,78.78257589145169,77.80415339796,78.25423431396484,2825100,0.0,0.0
757,2024-01-08,78.39120405977327,78.70429892392816,78.04875025370384,78.6651611328125,3703300,0.0,0.0
758,2024-01-09,78.56732681387074,79.11524100476618,78.25423192410607,79.07610321044922,3714500,0.0,0.0
759,2024-01-10,79.12503032646768,79.44790407850329,78.47926789285393,78.81193542480469,4491000,0.0,0.0
760,2024-01-11,78.78257088617354,78.89998426525058,78.18574007065148,78.82170867919922,5186500,0.0,0.0
761,2024-01-12,79.34027055176449,79.49682172224591,78.90976976248193,79.1641616821289,5562200,0.0,0.0
762,2024-01-16,79.25221186514555,79.3891903995827,78.28357581026278,78.69451141357422,4252000,0.0,0.0
763,2024-01-17,78.3716298998562,79.4381141587922,78.05853504182156,79.21307373046875,5357800,0.0,0.0
764,2024-01-18,78.69451364271586,79.12502188586757,78.32271581939334,79.08588409423828,4027100,0.0,0.0
765,2024-01-19,78.96777575053913,79.32210510118756,78.7807625440424,79.11540985107422,5147500,0.48,0.0
766,2024-01-22,79.06620469177875,79.28274472852789,78.43627413543469,79.15478515625,6237700,0.0,0.0
767,2024-01-23,79.83392820650448,80.53275714880435,79.53864498722771,80.12921142578125,7078300,0.0,0.0
768,2024-01-24,79.59770918909955,79.74534329503517,78.79061020273865,78.82013702392578,5880900,0.0,0.0
769,2024-01-25,78.97761434756222,80.1587397372813,78.77091909396837,79.94219970703125,7526400,0.0,0.0
770,2024-01-26,80.23747532427245,82.30444287641095,79.80440277366654,81.52687072753906,8668700,0.0,0.0
771,2024-01-29,81.98947890086527,82.67846308953224,81.79262091170008,82.63909149169922,6426000,0.0,0.0
772,2024-01-30,82.67846899443352,83.25918320787541,82.19618002792151,82.90485382080078,5659900,0.0,0.0
773,2024-01-31,83.06232601581722,83.61351336166855,82.5898818649059,82.87531280517578,6330600,0.0,0.0
774,2024-02-01,82.68831639362413,84.78480350622496,82.4028779119219,84.76512145996094,6904600,0.0,0.0
775,2024-02-02,83.76116337554049,84.72574883688635,82.77689586816783,83.2887191772461,6441000,0.0,0.0
776,2024-02-05,83.08200919357753,83.77099332301952,82.42254437326729,82.76703643798828,6627300,0.0,0.0
777,2024-02-06,82.7375116406383,82.89499802228008,82.06820953738875,82.42254638671875,6564400,0.0,0.0
778,2024-02-07,82.76704961967452,82.96390762326992,82.28476065225459,82.5406723022461,5530400,0.0,0.0
779,2024-02-08,82.47176507587469,82.97374354475902,82.17648185668055,82.93437194824219,4819100,0.0,0.0
780,2024-02-09,82.93437433169876,82.94421159908754,81.86151894653383,82.14695739746094,4533000,0.0,0.0
781,2024-02-12,81.99931735830445,82.45207947590833,81.37923157950524,82.2453842163086,4746500,0.0,0.0
782,2024-02-13,82.48160935368324,82.92452667043247,81.46780764557349,82.15679931640625,4469900,0.0,0.0
783,2024-02-14,81.95011090557277,82.4914535035045,81.52687559696771,82.39302825927734,6611200,0.0,0.0
784,2024-02-15,83.12138645169489,83.38714287899931,81.89105209030589,82.25523376464844,5268900,0.0,0.0
785,2024-02-16,82.422552991374,82.91468670939405,81.9796356489018,82.1666488647461,4805600,0.0,0.0
786,2024-02-20,82.62924193687749,83.79067772301661,82.38317509667313,83.27886199951172,5404600,0.0,0.0
787,2024-02-21,83.6528920636945,84.25329583471611,83.58399363961159,83.96785736083984,3369000,0.0,0.0
788,2024-02-22,83.57414769377223,84.6469955444336,83.12137808610798,84.6469955444336,4114700,0.0,0.0
789,2024-02-23,84.64699954710144,85.46394332172214,84.29266266917837,84.89306640625,3161500,0.0,0.0
790,2024-02-26,84.9914900673142,85.31630011759678,84.74542321274215,84.79463958740234,2831700,0.0,0.0
791,2024-02-27,84.4599934781368,85.14898524767382,84.32219662610244,85.0505599975586,2638800,0.0,0.0
792,2024-02-28,85.08991514350919,85.49346838872563,84.72574100543667,85.44425201416016,2936800,0.0,0.0
793,2024-02-29,85.5131503468568,85.6017383191126,84.56825452919348,85.1588134765625,7900500,0.0,0.0
794,2024-03-01,85.01118805320468,85.19819377486074,84.40093948996407,85.1292953491211,2402000,0.0,0.0
795,2024-03-04,84.77495176892296,85.87733400333995,84.5977833296303,85.46394348144531,3968300,0.0,0.0
796,2024-03-05,85.82811604225006,85.89701446129313,84.85369339882239,85.36551666259766,3719400,0.0,0.0
797,2024-03-06,85.38519824392657,85.98560196777423,85.22771185304515,85.80843353271484,3522700,0.0,0.0
798,2024-03-07,86.03481543267053,86.77301596889214,85.6607890216585,86.75332641601562,3215800,0.0,0.0
799,2024-03-08,86.48759011156992,87.10767594885127,86.16278002612314,86.68444061279297,2929400,0.0,0.0
800,2024-03-11,86.64506687827564,87.2257886085126,86.03482583388352,86.74349212646484,3423400,0.0,0.0
801,2024-03-12,86.76317506603868,87.78681408975723,86.62537822720778,87.36357879638672,4251800,0.0,0.0
802,2024-03-13,87.52106006239366,87.95414014443269,87.13719635671897,87.7966537475586,3193100,0.0,0.0
803,2024-03-14,87.46200044168468,87.64901364785226,86.70411034990549,86.96002197265625,4895500,0.0,0.0
804,2024-03-15,86.08402616515704,87.38325883674098,86.08402616515704,87.0584487915039,6631000,0.0,0.0
805,2024-03-18,86.8615969480692,87.58011544507434,86.70411056157221,86.88127899169922,3430700,0.0,0.0
806,2024-03-19,87.10766419421103,87.38325786247974,86.71395573552819,87.3734130859375,3265000,0.0,0.0
807,2024-03-20,86.98954879271129,87.42262884515654,86.85175195954494,86.96002197265625,3366600,0.0,0.0
808,2024-03-21,86.96002258353442,87.70806790409542,86.53678730458911,87.3734130859375,3416200,0.0,0.0
809,2024-03-22,87.5801212159038,87.90492376806836,87.43247959617553,87.7966537475586,3563000,0.0,0.0
810,2024-03-25,87.83601944008912,88.0131878699761,86.93049524705084,87.2454605102539,3178500,0.0,0.0
811,2024-03-26,87.33404963539856,87.76712218468012,87.19624529089498,87.50137329101562,3287700,0.0,0.0
812,2024-03-27,88.19035898045753,88.84981634699535,87.92461008223158,88.53485107421875,4078600,0.0,0.0
813,2024-03-28,88.78091963021421,88.94825080127556,88.48564390534308,88.63328552246094,3459700,0.0,0.0
814,2024-04-01,88.40689694488793,88.40689694488793,87.37341317842207,87.65885162353516,3070200,0.0,0.0
815,2024-04-02,87.37341317842207,87.84586483121441,87.27498794098824,87.65885162353516,3307300,0.0,0.0
816,2024-04-03,87.59980092562483,87.70807094324836,86.41868301801391,86.71395874023438,4429200,0.0,0.0
817,2024-04-04,87.12734567424361,87.23561568741502,85.90685621865082,86.02497100830078,3155400,0.0,0.0
818,2024-04-05,86.34978715385162,86.73365086065283,85.7789102275548,86.49742126464844,3479600,0.0,0.0
819,2024-04-08,86.29071893025798,86.61552896612835,86.14307732219288,86.33993530273438,3086900,0.0,0.0
820,2024-04-09,86.88128287163455,86.94034402389059,85.83796179727423,86.27104187011719,3176300,0.0,0.0
821,2024-04-10,85.95607123256006,86.20213807508357,85.01117545839347,85.19818115234375,4750300,0.0,0.0
822,2024-04-11,85.61158089080438,85.61158089080438,84.57809712750455,84.6469955444336,3908300,0.0,0.0
823,2024-04-12,84.38125184278258,84.89306761296636,84.33203546650743,84.49935913085938,5907600,0.0,0.0
824,2024-04-15,85.10960666076983,85.52299718294576,84.74542500493031,84.81432342529297,4716200,0.0,0.0
825,2024-04-16,85.19818712579412,85.36551829755881,84.76511455895657,84.81432342529297,3220400,0.0,0.0
826,2024-04-17,85.13913364025633,85.46394369801001,84.56825672227068,85.38520050048828,3886200,0.0,0.0
827,2024-04-18,85.63126364190924,85.93638413234936,85.04070470487238,85.3458251953125,4880800,0.0,0.0
828,2024-04-19,85.23692543434969,86.38530113008804,85.04883514501915,86.25659942626953,6005100,0.5,0.0
829,2024-04-22,86.52390211511343,87.84057198049122,86.36550233300001,87.444580078125,3954100,0.0,0.0
830,2024-04-23,88.27615218272366,88.40485388795315,87.50397216301465,87.69207000732422,4014800,0.0,0.0
831,2024-04-24,87.34558012892897,88.28605424666462,86.49420022000497,87.97916412353516,4066500,0.0,0.0
832,2024-04-25,88.1078569433428,88.60284490369865,87.94945717062882,88.39495086669922,6363600,0.0,0.0
833,2024-04-26,90.08781541040416,91.32528540230531,88.29596127906485,90.09771728515625,7541500,0.0,0.0
834,2024-04-29,90.08781375137481,90.33530774519727,89.0582378307233,89.58292388916016,4472100,0.0,0.0
835,2024-04-30,90.03831067095717,91.16688266275482,89.87991844464518,90.99858856201172,5286700,0.0,0.0
836,2024-05-01,90.58279839711322,91.61237427978017,89.9195163308399,90.97879028320312,5219900,0.0,0.0
837,2024-05-02,90.91938670626621,92.3152564070981,90.44420248468894,91.97866821289062,9506000,0.0,0.0
838,2024-05-03,91.99846880051167,92.11726863803614,90.39470498205972,91.94896697998047,5432700,0.0,0.0
839,2024-05-06,92.2855563640026,92.36475625021095,91.52327067685187,92.24595642089844,3181900,0.0,0.0
840,2024-05-07,92.64195202311667,93.26563415801566,92.21626205878073,93.1369400024414,4008300,0.0,0.0
841,2024-05-08,93.32502674209739,93.45372844568413,92.5033524679484,92.53305053710938,7252100,0.0,0.0
842,2024-05-09,92.81024612338696,93.37453211770047,92.5726540081279,93.1369400024414,4639600,0.0,0.0
843,2024-05-10,93.37453320853523,94.30511303747058,93.11713734146257,94.14671325683594,3007600,0.0,0.0
844,2024-05-13,94.07741619461362,94.63180032661963,93.30523613848602,93.51313018798828,3229300,0.0,0.0
845,2024-05-14,93.46363231292408,93.77052243802147,92.81024456578079,93.62202453613281,3971500,0.0,0.0
846,2024-05-15,93.34482824862178,93.81011812874894,93.26562836414978,93.5824203491211,2536100,0.0,0.0
847,2024-05-16,93.7012201758291,93.85961239185642,93.16663228501811,93.5824203491211,3240600,0.0,0.0
848,2024-05-17,93.59232564282873,93.59232564282873,92.8102437491525,93.18643188476562,4135200,0.0,0.0
849,2024-05-20,93.18643652715684,93.5923303054409,92.8696445148277,93.44383239746094,3900100,0.0,0.0
850,2024-05-21,93.87942284369534,94.27541474141786,93.48343094597283,94.21601104736328,4998200,0.0,0.0
851,2024-05-22,93.91901758356751,94.12691161894352,93.56262565066098,93.81011962890625,3849900,0.0,0.0
852,2024-05-23,93.5725254200299,94.05761908373574,92.71125115945469,92.79045104980469,3948900,0.0,0.0
853,2024-05-24,92.89934173168398,93.18643567036094,92.27565958740338,92.36476135253906,2554800,0.0,0.0
854,2024-05-28,91.93907243830448,92.65184880299422,90.81050041973234,91.01839447021484,4276900,0.0,0.0
855,2024-05-29,90.80059075699022,90.98868859492465,90.3155046808041,90.3749008178711,3115000,0.0,0.0
856,2024-05-30,90.35510474973671,90.56300635297468,89.86011675766362,90.01851654052734,3148000,0.0,0.0
857,2024-05-31,90.01851766026154,92.1073676170264,89.86011787542749,92.02816772460938,6648000,0.0,0.0
858,2024-06-03,91.52327181326702,92.3251574534787,90.85998975209937,91.54307556152344,3197900,0.0,0.0
859,2024-06-04,91.77077022421054,93.07753821426104,91.5529818532999,92.86964416503906,3599100,0.0,0.0
860,2024-06-05,92.73103995069853,93.01813386560394,92.22615768409761,92.72114562988281,2636800,0.0,0.0
861,2024-06-06,92.86964694672474,93.62203082805247,92.6320548194856,93.03794860839844,4217400,0.0,0.0
862,2024-06-07,93.14683708610225,93.62202888362887,92.84984882145082,92.94884490966797,2596200,0.0,0.0
863,2024-06-10,92.73105006060051,93.0676458279481,92.1865677926252,92.95874786376953,2542900,0.0,0.0
864,2024-06-11,92.81024864957037,93.03794644954095,92.00837051817163,93.01814270019531,3553600,0.0,0.0
865,2024-06-12,92.94884377862816,92.99834559859308,91.92916973185638,92.29546356201172,3812900,0.0,0.0
866,2024-06-13,92.7211476352104,93.94871565249026,92.44394803512556,93.81011962890625,4051700,0.0,0.0
867,2024-06-14,93.552731838401,93.7705277664916,92.88944973224693,93.6715316772461,2722800,0.0,0.0
868,2024-06-17,93.58242565629013,95.11689140506063,93.14683381990787,94.98818969726562,3445400,0.0,0.0
869,2024-06-18,94.76050480983822,96.10687278659425,94.72090486311981,96.0375747680664,3722000,0.0,0.0
870,2024-06-20,95.81978006625893,96.43356791888861,95.28519210808166,95.9781723022461,4381700,0.0,0.0
871,2024-06-21,96.01776795669961,96.690951923613,95.77027396228907,96.29496002197266,6378200,0.0,0.0
872,2024-06-24,97.0176447189968,98.06701682657489,96.3147626891174,97.99771881103516,4444000,0.0,0.0
873,2024-06-25,98.0076205054014,98.08682039527763,97.33443654728802,97.71062469482422,6376800,0.0,0.0
874,2024-06-26,97.08693866653492,97.50272674235157,96.88894650269373,97.2453384399414,3443900,0.0,0.0
875,2024-06-27,97.23543779216415,97.54232791586342,96.78004976725272,97.1859359741211,3616400,0.0,0.0
876,2024-06-28,97.2156365613329,97.48293430102025,95.80987250634311,96.06726837158203,11036200,0.0,0.0
877,2024-07-01,96.46326177825404,96.72065009460701,94.46350607171284,94.58230590820312,4205200,0.0,0.0
878,2024-07-02,94.54270631253006,95.28518829927768,94.06751451772796,95.156494140625,4205800,0.0,0.0
879,2024-07-03,94.77040263365441,95.25548874261365,94.56250103404038,94.92879486083984,2114700,0.0,0.0
880,2024-07-05,95.0376859846651,96.23555591208016,94.92878803190769,96.07716369628906,2844900,0.0,0.0
881,2024-07-08,96.25536235438943,96.95824435364555,96.1464643985833,96.60185241699219,2857300,0.0,0.0
882,2024-07-09,96.55235447871455,96.66125243889574,95.5227785706761,96.06726837158203,3390800,0.0,0.0
883,2024-07-10,96.1860670849793,96.6414551163753,95.87916940399289,96.41375732421875,2740600,0.0,0.0
884,2024-07-11,96.37415841513298,96.9879462307825,96.24546425908977,96.7800521850586,3719900,0.0,0.0
885,2024-07-12,97.01764656322109,97.65123058960465,96.89884672593016,97.08694458007812,2564800,0.0,0.0
886,2024-07-15,97.10673792099527,97.31463951837023,96.23556179856489,96.27516174316406,3093600,0.0,0.0
887,2024-07-16,96.41375840387641,96.96814252605927,96.05736645306824,96.42366027832031,2859800,0.0,0.0
888,2024-07-17,96.97804139054065,98.6312993842494,96.76024547703805,98.39370727539062,4117500,0.0,0.0
889,2024-07-18,98.2254192804582,98.62141118842926,97.3938355184272,97.52253723144531,3286400,0.0,0.0
890,2024-07-19,98.53745796756372,98.57725993243322,97.16432434108474,97.5921859741211,4229200,0.5,0.0
891,2024-07-22,97.64193463952269,97.65188702879617,96.82601332241835,97.46282958984375,3265100,0.0,0.0
892,2024-07-23,97.66183428607587,97.69168386087902,95.88073627215417,96.06979370117188,4202100,0.0,0.0
893,2024-07-24,94.94541357292286,96.59716097656968,94.94541357292286,96.11954498291016,4880300,0.0,0.0
894,2024-07-25,96.60710800121443,97.82104140460959,95.89069538138423,96.01009368896484,4633900,0.0,0.0
895,2024-07-26,98.50760836173663,100.1096013878646,97.83099014205868,98.89566802978516,7137400,0.0,0.0
896,2024-07-29,100.29866141114482,100.915572903731,99.27377787038141,100.37825775146484,5398100,0.0,0.0
897,2024-07-30,98.45785473127786,100.2489052057769,97.95039675637699,99.99019622802734,5236100,0.0,0.0
898,2024-07-31,99.99019256124701,100.258853918294,97.96033796173526,98.69666290283203,6410200,0.0,0.0
899,2024-08-01,99.0548754137341,100.6270112650861,98.23895411669625,100.42800903320312,4921300,0.0,0.0
900,2024-08-02,101.49269133521605,102.83597543753943,100.17925680983004,102.29866027832031,5088900,0.0,0.0
901,2024-08-05,102.47776146744097,103.63199567515738,99.45288045817739,100.46781158447266,5930000,0.0,0.0
902,2024-08-06,100.78621763140147,103.08472601884435,100.64691455285636,102.14940643310547,5267200,0.0,0.0
903,2024-08-07,102.22900321899272,103.51258809818273,101.73149005301745,101.92054748535156,4075800,0.0,0.0
904,2024-08-08,101.10463022438654,102.59716978176876,100.75637251262044,102.19915771484375,3215400,0.0,0.0
905,2024-08-09,101.96035184312811,102.21906082111401,100.82602240539192,101.56233978271484,3646700,0.0,0.0
906,2024-08-12,101.34343272398212,101.42303665431842,100.08969739125561,100.7762680053711,3660100,0.0,0.0
907,2024-08-13,100.98522404169404,101.0847251602821,99.37328618280054,100.0896987915039,4655900,0.0,0.0
908,2024-08-14,99.68173840934753,101.91059527113211,99.25387678221738,101.67179107666016,3149400,0.0,0.0
909,2024-08-15,101.97030655451094,102.44791496472477,100.65687203924968,100.93547821044922,3303400,0.0,0.0
910,2024-08-16,101.15438175621743,101.57229099867244,100.72652012471866,101.48273468017578,3172700,0.0,0.0
911,2024-08-19,101.54243938506792,101.80114076342505,101.07477579822854,101.34342956542969,2976500,0.0,0.0
912,2024-08-20,101.49269114942835,102.5872186533383,101.21408497659114,102.54741668701172,2691700,0.0,0.0
913,2024-08-21,102.59716558495195,103.13448071460411,102.1394543837183,102.95537567138672,3029300,0.0,0.0
914,2024-08-22,103.33348228427406,103.53249210404934,102.9653274027245,103.4329833984375,2803500,0.0,0.0
915,2024-08-23,103.78125248703391,103.82104686099836,102.59716868820139,103.69169616699219,3212500,0.0,0.0
916,2024-08-26,103.55239062409214,104.70662481931048,103.53249343758253,104.56731414794922,2430100,0.0,0.0
917,2024-08-27,104.78622179974047,105.5125943706983,104.09965878494312,105.3931884765625,3139400,0.0,0.0
918,2024-08-28,105.88075879889308,106.18921454177546,104.70662738835705,105.26383972167969,3217000,0.0,0.0
919,2024-08-29,105.27379238481676,105.57229573925255,104.75637442414344,105.28373718261719,2580800,0.0,0.0
920,2024-08-30,105.3235377499532,106.16930863013307,105.14443270308993,105.97030639648438,5033800,0.0,0.0
921,2024-09-03,105.97030970613594,107.4130949237714,105.82105423051358,107.24394226074219,4230000,0.0,0.0
922,2024-09-04,107.62205245308333,108.4379737472761,107.2737871613297,108.22901153564453,4447000,0.0,0.0
923,2024-09-05,108.45787509866263,108.75638604835774,107.60215180708205,107.9902114868164,4489800,0.0,0.0
924,2024-09-06,108.0300075117676,108.49767109789468,107.24393580615266,107.32353973388672,3937400,0.0,0.0
925,2024-09-09,106.82602708959874,107.28373828911161,105.9703038409382,106.5772705078125,4561500,0.0,0.0
926,2024-09-10,106.4678168648186,107.22403899806211,106.0598524273292,106.30860900878906,4201100,0.0,0.0
927,2024-09-11,105.84095412052885,105.90065327144073,104.30861265171997,105.60214233398438,4991500,0.0,0.0
928,2024-09-12,105.37328976879212,105.91060489747387,104.72652113659473,105.81109619140625,2963100,0.0,0.0
929,2024-09-13,105.13448816837654,105.73150246226444,104.58722063730093,105.20413970947266,3802300,0.0,0.0
930,2024-09-16,104.65687542292378,105.3931928218309,104.61707345657084,104.90563201904297,4088700,0.0,0.0
931,2024-09-17,104.35836327488529,104.84593166353376,103.72154700343502,104.03995513916016,4031900,0.0,0.0
932,2024-09-18,103.71159739123209,104.22900774097384,101.75139431264122,102.66681671142578,4253500,0.0,0.0
933,2024-09-19,102.58721484470821,102.58721484470821,101.38323387596111,101.50263977050781,4897900,0.0,0.0
934,2024-09-20,101.77129732226555,102.54741668701172,101.3633404524536,102.54741668701172,10926700,0.0,0.0
935,2024-09-23,102.16930920796138,103.64195159356669,101.97030696813985,102.79617309570312,3780800,0.0,0.0
936,2024-09-24,102.9752775028379,103.6220461653782,102.19915814436905,103.27378845214844,2882600,0.0,0.0
937,2024-09-25,103.6220455779133,103.97030328916868,102.93547495326072,103.2339859008789,3258900,0.0,0.0
938,2024-09-26,102.12950742775591,103.51259349394692,101.75140013482668,102.54741668701172,3603200,0.0,0.0
939,2024-09-27,102.26880404695653,103.36333148165136,102.14940574697609,103.1444320678711,4461700,0.0,0.0
940,2024-09-30,103.5822444737976,103.64195121868717,102.9354758095438,103.29368591308594,4655500,0.0,0.0
941,2024-10-01,103.25387765731443,103.3036320097835,101.55238356485937,101.821044921875,4076600,0.0,0.0
942,2024-10-02,101.55238342285156,101.85089435435187,101.0847198395103,101.55238342285156,4272800,0.0,0.0
943,2024-10-03,101.1444305301973,101.2439316474333,99.27377612378639,99.47278594970703,4695000,0.0,0.0
944,2024-10-04,98.75636367684122,99.35337795911681,97.95039477534159,98.54740905761719,6029900,0.0,0.0
945,2024-10-07,99.08472883134348,99.41308935898613,97.84094585522634,98.07975006103516,4829600,0.0,0.0
946,2024-10-08,97.9702915091948,100.1892035646157,97.36332484077488,100.07975006103516,5095000,0.0,0.0
947,2024-10-09,100.07974854568918,100.79616870684204,99.78123761472605,100.4976577758789,3542200,0.0,0.0
948,2024-10-10,100.71656972446664,100.71656972446664,98.43795844116003,98.74641418457031,4406600,0.0,0.0
949,2024-10-11,99.13447111208842,99.61208709355435,98.40810613809775,99.60213470458984,4858700,0.0,0.0
950,2024-10-14,99.51258374584711,100.33844981661036,99.42302743007258,100.22900390625,3180600,0.0,0.0
951,2024-10-15,100.44790761754099,102.09965501265813,100.44790761754099,101.04492950439453,3844800,0.0,0.0
952,2024-10-16,100.37825846183298,100.89567643054306,100.15935903509283,100.68672180175781,4188300,0.0,0.0
953,2024-10-17,101.32353608417543,101.38323523652566,99.57228756456489,100.02999877929688,3377400,0.0,0.0
954,2024-10-18,99.7300033569336,100.54000091552734,98.76000213623047,100.45999908447266,4502600,0.5,0.0
955,2024-10-21,100.0,100.48999786376953,99.19000244140625,99.36000061035156,2456300,0.0,0.0
956,2024-10-22,98.7300033569336,99.94999694824219,98.68000030517578,99.66999816894531,4018700,0.0,0.0
957,2024-10-23,99.31999969482422,99.7699966430664,98.77999877929688,98.9800033569336,3949600,0.0,0.0
958,2024-10-24,99.0,99.9800033569336,98.83000183105469,99.73999786376953,5259700,0.0,0.0
959,2024-10-25,96.54000091552734,97.79000091552734,95.1500015258789,95.61000061035156,7978900,0.0,0.0
960,2024-10-28,95.22000122070312,96.61000061035156,95.22000122070312,95.73999786376953,4570900,0.0,0.0
961,2024-10-29,95.0199966430664,95.5199966430664,94.43000030517578,94.72000122070312,5415000,0.0,0.0
962,2024-10-30,94.55999755859375,95.16999816894531,94.0199966430664,94.66000366210938,4551200,0.0,0.0
